sample;version;construct;construct_old;cub;cub2;cub3;splicing;replicate;fraction_full_length;fraction_spliced;relative_mrna_levels;relative_fl_mrna_levels;relative_spliced_mrna_levels;relative_mrna_levels_nm;relative_fl_mrna_levels_nm;relative_spliced_mrna_levels_nm;median_GFP.A;GFP.A;GFP.A_nm;log10_GFP.A;positivity_threshold;negative_cell_fraction;positive_cell_fraction;i1;i2;i3;gaussian_mean1;gaussian_mean2;intensity_shble_raw;intensity_gfp_raw;intensity_neo_raw;intensity_sample;intensity shble norm;intensity_gfp_norm;intensity_neo_norm;intnorm_shble_mrna_fl;intnorm_gfp_mrna;iBAQ_all;ibaq_100hits;ibaqraw_shble;ibaqnorm_shble;ibaqnorm_shble_nm;ibaqraw_gfp;ibaqnorm_gfp;ibaqnorm_gfp_nm;ibaqnorm_gfp_tot;ibaqnorm_gfp_tot_nm;ibaqnorm_gfp_tot_mrna_fl;ibaqnorm_gfp_tot_mrna_fl_nm;ibaq_neo;ibaqnorm_neo;ibaqnorm_neo_nm;ibaqnorm_gfp_neo;ibaqnorm_shble_neo;fluo_mrna_nm;fluo_mrna;fluo_mrna_sh1;ibaqnorm_shble_mrna;ibaqnorm_shble_mrna_fl;ibaqnorm_shble_mrna_fl_sh1;ibaqnorm_nm_shble_mrna_fl_nm;ibaqnorm_gfp_mrna;ibaqnorm_gfp_mrna_sh1;ibaqnorm_nm_gfp_mrna_nm;ibaqnorm_shble_gfp;ibaqraw_shble_gfp;ibaqraw_shble_mrna_fl;ibaqraw_gfp_mrna;slope_shble_gfp_normibaq;COUSIN_18;CAI_18;CAI_59;GC3(%);COUSIN_59;folding;freq_CpG;freq_TpA;Axis1;Axis2;Axis3;Axis4;Axis5
mock_r1;mock;mock;mock;mock;NA;NA;mock;r1;NA;NA;NA;NA;NA;NA;NA;NA;NA;NA;NA;NA;NA;NA;NA;NA;NA;NA;NA;NA;7183001.927;29128017.15;10444004.48;3,42E+12;0.0000021;0.00000851;0.00000305;NA;NA;3420000000000;1540000000000;7183001.927;NA;NA;29128017.15;NA;NA;NA;NA;NA;NA;10444004.48;NA;NA;NA;NA;NA;NA;NA;NA;NA;NA;NA;NA;NA;NA;NA;NA;NA;NA;NA;NA;NA;NA;NA;NA;NA;NA;NA;NA;NA;NA;NA;NA
mock_r2;mock;mock;mock;mock;NA;NA;mock;r2;NA;NA;NA;NA;NA;NA;NA;NA;NA;NA;NA;NA;NA;NA;NA;NA;NA;NA;NA;NA;78926002.52;1;2297998.72;1,93E+12;0.0000409755;0.000000000000519;0.00000119;NA;NA;1930000000000;885000000000;78926002.52;NA;NA;1;NA;NA;NA;NA;NA;NA;2297998.72;NA;NA;NA;NA;NA;NA;NA;NA;NA;NA;NA;NA;NA;NA;NA;NA;NA;NA;NA;NA;NA;NA;NA;NA;NA;NA;NA;NA;NA;NA;NA;NA
mock_r3;mock;mock;mock;mock;NA;NA;mock;r3;NA;NA;NA;NA;NA;NA;NA;NA;NA;NA;NA;NA;NA;NA;NA;NA;NA;NA;NA;NA;41773974.43;1;1;2,95E+12;0.0000141562;0.000000000000339;0.000000000000339;NA;NA;2950000000000;1380000000000;41773974.43;NA;NA;1;NA;NA;NA;NA;NA;NA;1;NA;NA;NA;NA;NA;NA;NA;NA;NA;NA;NA;NA;NA;NA;NA;NA;NA;NA;NA;NA;NA;NA;NA;NA;NA;NA;NA;NA;NA;NA;NA;NA
empty_r1;empty;empty;empty;empty;NA;NA;empty;r1;1;0;10.32092234;10.32092234;0;1.753211443;1.753211443;0;1925696.5;2,87E+11;176;11.45850473;18253.03;0;1;0.18;0.31;0.51;5.45890344343083;7.03876051769537;53334994.62;52492942491;168350065.1;2,41E+12;0.00002215;0.021800299;0.0000699157;0.000012634;0.012434495;2410000000000;1130000000000;53334994.62;0.000000393;0.000189467;52492942491;0.000680801;200.4313035;0.999423071841502;0.999999054704442;0.999423071841502;1.76854545135696;168350065.1;0.0000699;0.191512085;9.73745525;0.005624774;100.387207;27807592230;114.538166429513;0.0000000381;0.0000000381;0.000060274891473555;0.00011;0.0000659632;366.462222222222;110;0;0;0;29941022060;NA;NA;NA;NA;NA;NA;NA;NA;NA;NA;NA;NA;NA;NA
empty_r2;empty;empty;empty;empty;NA;NA;empty;r2;1;0;5.511710068;5.511710068;0;1.596596773;1.596596773;0;476649;1,09E+11;78.8;11.03567049;18253.03;0.02;0.98;0.24;0.42;0.32;5.46922292336368;6.94494934384358;43464003.08;53856992288;378409922.9;3,10E+12;0.0000140375;0.017394061;0.000122214;0.00000879;0.010894461;3100000000000;1400000000000;43464003.08;0.000000376;0.000271077;53856992288;0.000479801;231.2606038;0.999216955414358;0.999998827830258;0.999216955414358;1.60761761020926;378409922.9;0.000122214;0.334766841;3.925908652;0.003077086;49.35497887;19776076510;75.1887038780664;0.0000000682;0.0000000682;0.000130968726895638;0.00017;0.0000870512;183.265684210526;140;0;0;0;33732369499;NA;NA;NA;NA;NA;NA;NA;NA;NA;NA;NA;NA;NA;NA
empty_r3;empty;empty;empty;empty;NA;NA;empty;r3;1;0;1.235418637;1.235418637;0;1.872544495;1.872544495;0;315755;1,19E+11;180;11.07505255;18253.03;0.02;0.98;0.35;0.36;0.27;5.14801597746294;5.95695047567092;69218981.75;6262196384;76721958.61;1,02E+12;0.0000680563;0.006157014;0.0000754333;0.0000363443;0.003288047;1020000000000;537000000000;69218981.75;0.00000711;0.012535614;6262196384;0.000166348;307.4761881;0.959010250319962;0.999959232280623;0.959010250319962;1.88387157505906;76721958.61;0.0000754;0.820869389;2.205232967;0.094233846;96.12588672;96323623769;125.054050095338;0.00000576;0.00000576;0.00577375886738097;0.0067;0.000134649;164.206097560976;160;0;0;0;3344217668;NA;NA;NA;NA;NA;NA;NA;NA;NA;NA;NA;NA;NA;NA
empty_r4;empty;empty;empty;empty;NA;NA;empty;r4;1;0;0.22221067;0.22221067;0;1.261377409;1.261377409;0;52965;23218382185;76;10.36583196;18253.03;0.13;0.87;0.65;0.16;0.07;4.62377984141533;5.24247391457867;NA;NA;NA;NA;NA;NA;NA;NA;NA;NA;NA;NA;NA;NA;NA;NA;NA;NA;NA;NA;NA;NA;NA;NA;NA;NA;60.25159437;1,04E+11;58.7446386205586;NA;NA;NA;NA;NA;NA;NA;NA;NA;NA;NA;NA;NA;NA;NA;NA;NA;NA;NA;NA;NA;NA;NA;NA;NA
empty_r5;empty;empty;empty;empty;NA;NA;empty;r5;1;0;0.30956909;0.30956909;0;1.404444876;1.404444876;0;252995.5;61893998253;128;10.79164854;18253.03;0.01;0.99;0.37;0.46;0.16;5.24108572174275;5.92257398853465;NA;NA;NA;NA;NA;NA;NA;NA;NA;NA;NA;NA;NA;NA;NA;NA;NA;NA;NA;NA;NA;NA;NA;NA;NA;NA;91.1392125;2,00E+11;76.5139652377702;NA;NA;NA;NA;NA;NA;NA;NA;NA;NA;NA;NA;NA;NA;NA;NA;NA;NA;NA;NA;NA;NA;NA;NA;NA
empty_r6;empty;empty;empty;empty;NA;NA;empty;r6;1;1;1.1885204;1.1885204;1.1885204;1.918528239;1.918528239;0;905717;2,14E+11;118;11.32943044;18253.03;0.02;0.98;0.3;0.28;0.41;5.01595727690617;6.68178031240313;NA;NA;NA;NA;NA;NA;NA;NA;NA;NA;NA;NA;NA;NA;NA;NA;NA;NA;NA;NA;NA;NA;NA;NA;NA;NA;61.50547988;1,80E+11;103.017910771687;NA;NA;NA;NA;NA;NA;NA;NA;NA;NA;NA;NA;NA;NA;NA;NA;NA;NA;NA;NA;NA;NA;NA;NA;NA
empty_r7;empty;empty;empty;empty;NA;NA;empty;r7;1;0;6.600155432;6.600155432;0;2.150988781;2.150988781;0;159992.5;1,19E+11;52.8;11.07731371;18253.03;0.02;0.98;0.5;0.21;0.27;4.84716528931808;6.38360421843827;NA;NA;NA;NA;NA;NA;NA;NA;NA;NA;NA;NA;NA;NA;NA;NA;NA;NA;NA;NA;NA;NA;NA;NA;NA;NA;24.54685048;18029878421;23.900162005073;NA;NA;NA;NA;NA;NA;NA;NA;NA;NA;NA;NA;NA;NA;NA;NA;NA;NA;NA;NA;NA;NA;NA;NA;NA
empty_r8;empty;empty;empty;empty;NA;NA;empty;r8;1;0;1.539540692;1.539540692;0;0.882702996;0.882702996;0;1546737.5;1,73E+11;88.2;11.23924502;18253.03;0;1;0.05;0.48;0.47;5.78071408270777;6.83214970310065;NA;NA;NA;NA;NA;NA;NA;NA;NA;NA;NA;NA;NA;NA;NA;NA;NA;NA;NA;NA;NA;NA;NA;NA;NA;NA;99.92035872;1,12E+11;89.6146677188389;NA;NA;NA;NA;NA;NA;NA;NA;NA;NA;NA;NA;NA;NA;NA;NA;NA;NA;NA;NA;NA;NA;NA;NA;NA
sh1s_r1;sh1;sh1;sh1;yes;high;overmatch;no;r1;1;0;4.523689788;4.523689788;0;0.768437591;0.768437591;0;9371;1098262046;0.673;9.040705975;18253.03;0.69;0.31;0.27;0.04;0;3.81756075301685;4.44824416918408;61699984954;68296965.59;280820128.2;1,65E+12;0.037288655;0.0000412756;0.000169715;0.048525287;0.0000537136;1650000000000;762000000000;61699984954;0.002859442;1.377638681;68296965.59;0.000000813;0.239309267;0.000284240391153936;0.148000600326066;0.000284240391153936;0.478921148239299;280820128.2;0.000169715;0.4648809;0.004789541;16.84849306;0.875803068;242780141.3;1;0.000632104;0.000632104;1;1.8;0.00000018;1;0.31;3517.148831;903.4074123;80292772864;88877699.88;0.00009;3.514;0.999;0.998;92.029;3.506;-1188.8;0.091787;0.009661836;-2.054666903;1.224755394;-0.446485985;0.345364564;0.005915763
sh1s_r2;sh1;sh1;sh1;yes;high;overmatch;no;r2;1;0;2.483715624;2.483715624;0;0.71946679;0.71946679;0;7637;653265021;0.472;8.815089405;18253.03;0.8;0.2;0.18;0.02;0;3.80645273893692;4.25334073069321;48901997564;85025965.44;169809970.8;2,63E+12;0.018582075;0.0000323087;0.0000645254;0.025827564;0.0000449064;2630000000000;1170000000000;48901997564;0.001293358;0.932288325;85025965.44;0.00000118;0.566649958;0.000911522102866042;0.378034215568834;0.000911522102866042;0.617315801953401;169809970.8;0.0000645;0.299331524;0.018219802;20.04416865;0.6560414;263019250.1;1;0.000520735;0.000520735;1;1.3;0.000000475;1;0.79;1096.066102;575.1419265;67969777401;118179138.5;0.00009;3.514;0.999;0.998;92.029;3.506;-1188.8;0.091787;0.009661836;-2.054666903;1.224755394;-0.446485985;0.345364564;0.005915763
sh1s_r3;sh1;sh1;sh1;yes;high;overmatch;no;r3;1;0;0.568408487;0.568408487;0;0.86154616;0.86154616;0;6282.5;437820008;0.661;8.641295605;18253.03;0.87;0.13;0.12;0.01;0;3.74994327889327;4.1778861175148;32068977180;15126995.95;189709922;3,61E+12;0.008884958;0.00000419;0.0000525606;0.010312806;0.00000486;3610000000000;1650000000000;32068977180;0.000567054;1;15126995.95;0.000000466;0.860705235;0.000821116436425148;0.462569362846985;0.000821116436425148;0.79743908277707;189709922;0.0000526;0.571967389;0.008859317;10.78857547;0.767225287;770255930.9;1;0.000997617;0.000997617;1;1.2;0.00000082;1;1;1216.854077;2119.983193;37222587331;17557963.41;0.00009;3.514;0.999;0.998;92.029;3.506;-1188.8;0.091787;0.009661836;-2.054666903;1.224755394;-0.446485985;0.345364564;0.005915763
sh1s_r4;sh1;sh1;sh1;yes;high;overmatch;no;r4;1;0;0.148650889;0.148650889;0;0.843815796;0.843815796;0;5762;264402582;0.866;8.422265692;18253.03;0.95;0.05;0.05;0;0;3.743569338448;4.11192240382104;NA;NA;NA;NA;NA;NA;NA;NA;NA;NA;NA;NA;NA;NA;NA;NA;NA;NA;NA;NA;NA;NA;NA;NA;NA;NA;1.02629034;1778681467;1;NA;NA;NA;NA;NA;NA;NA;NA;NA;NA;NA;NA;3.514;0.999;0.998;92.029;3.506;-1188.8;0.091787;0.009661836;-2.054666903;1.224755394;-0.446485985;0.345364564;0.005915763
sh1s_r5;sh1;sh1;sh1;yes;high;overmatch;no;r5;1;0;0.165320018;0.165320018;0;0.750019495;0.750019495;0;9402;431992030;0.892;8.635475734;18253.03;0.86;0.14;0.14;0;0;3.94576305340175;4.38708725461763;NA;NA;NA;NA;NA;NA;NA;NA;NA;NA;NA;NA;NA;NA;NA;NA;NA;NA;NA;NA;NA;NA;NA;NA;NA;NA;1.189302419;2613065463;1;NA;NA;NA;NA;NA;NA;NA;NA;NA;NA;NA;NA;3.514;0.999;0.998;92.029;3.506;-1188.8;0.091787;0.009661836;-2.054666903;1.224755394;-0.446485985;0.345364564;0.005915763
sh1s_r6;sh1;sh1;sh1;yes;high;overmatch;no;r6;1;0;0.619495912;0.619495912;0;1;1;0;8008;1082762745;0.595;9.034533304;18253.03;0.73;0.27;0.22;0.04;0;3.80210662397948;4.798562260767;NA;NA;NA;NA;NA;NA;NA;NA;NA;NA;NA;NA;NA;NA;NA;NA;NA;NA;NA;NA;NA;NA;NA;NA;NA;NA;0.595;1747812576;1;NA;NA;NA;NA;NA;NA;NA;NA;NA;NA;NA;NA;3.514;0.999;0.998;92.029;3.506;-1188.8;0.091787;0.009661836;-2.054666903;1.224755394;-0.446485985;0.345364564;0.005915763
sh1s_r7;sh1;sh1;sh1;yes;high;overmatch;no;r7;1;0;1.805627129;1.805627129;0;0.588453369;0.588453369;0;11817.5;1362134600;0.605;9.134220025;18253.03;0.64;0.36;0.3;0.06;0;3.91873328642657;4.72750927469808;NA;NA;NA;NA;NA;NA;NA;NA;NA;NA;NA;NA;NA;NA;NA;NA;NA;NA;NA;NA;NA;NA;NA;NA;NA;NA;1.028118848;754383104.9;1;NA;NA;NA;NA;NA;NA;NA;NA;NA;NA;NA;NA;3.514;0.999;0.998;92.029;3.506;-1188.8;0.091787;0.009661836;-2.054666903;1.224755394;-0.446485985;0.345364564;0.005915763
sh1s_r8;sh1;sh1;sh1;yes;high;overmatch;no;r8;1;0;1.534214286;1.534214286;0;0.879649076;0.879649076;0;28262;1923805532;0.98;9.284161169;18253.03;0.33;0.67;0.59;0.08;0;4.1951893097657;4.85128742905925;NA;NA;NA;NA;NA;NA;NA;NA;NA;NA;NA;NA;NA;NA;NA;NA;NA;NA;NA;NA;NA;NA;NA;NA;NA;NA;1.114080634;1253935353;1;NA;NA;NA;NA;NA;NA;NA;NA;NA;NA;NA;NA;3.514;0.999;0.998;92.029;3.506;-1188.8;0.091787;0.009661836;-2.054666903;1.224755394;-0.446485985;0.345364564;0.005915763
sh10s_r1;sh10;sh10sp;sh10;no;NA;NA;yes;r1;0.13;0.87;5.86649985;0.762644981;5.10385487;0.996540263;0.129550234;0.866990029;17344;3946951423;2.42;9.596261781;18253.03;0.51;0.49;0.34;0.15;0.01;3.87525913592811;4.8832769858641;12447008146;329399973.4;303150088.1;7,71E+11;0.016143634;0.000427228;0.000393182;0.124612931;0.000428711;771000000000;366000000000;12447008146;0.001230026;0.592609116;329399973.4;0.0000126;3.722870568;0.0101398168073097;0.862678274631405;0.00132990815764077;0.567909005815201;303150088.1;0.000393182;1.07699851;0.032161696;3.12838838;2.428401631;672794941.4;2.77121076624071;0.000209669;0.001612842;2.55154531532786;4.6;0.00000215;11.9444444444444;3.7;97.62111111;37.78691303;96078623416;330543567.2;0.01;0.723;0.783;0.764;NA;NA;NA;NA;NA;NA;NA;NA;NA;NA
sh10s_r2;sh10;sh10sp;sh10;no;NA;NA;yes;r2;0.12;0.88;3.452161599;0.414259392;3.037902207;1;0.12;0.88;15088;3208164659;2.32;9.50625665;18253.03;0.55;0.45;0.32;0.13;0.01;3.95565828411462;4.75110582037304;20978004755;467560289.3;744130128.1;2,63E+12;0.007961716;0.000177452;0.000282417;0.066347637;0.000177452;2630000000000;1250000000000;20978004755;0.000591872;0.426637757;467560289.3;0.0000046;2.218198118;0.00771201330489948;0.838690271471004;0.000931765087436955;0.557407292919155;744130128.1;0.000282417;1.310124556;0.016295549;2.095737863;2.32;929320533.6;3.53327953466019;0.00017145;0.001428747;2.74371225287334;3.6;0.00000133;2.8;2.2;128.6678261;44.86695135;1,75E+11;467560289.3;0.01;0.723;0.783;0.764;NA;NA;NA;NA;NA;NA;NA;NA;NA;NA
sh10s_r3;sh10;sh10sp;sh10;no;NA;NA;yes;r3;0.07;0.93;1.079228237;0.075545977;1.00368226;1.635804117;0.114506288;1.521297829;8559.5;2081298049;3.14;9.318334277;18253.03;0.7;0.3;0.21;0.08;0;3.80954694231536;4.63034114879322;5296103758;108940061.9;353700036.3;2,29E+12;0.002316107;0.000047642;0.000154681;0.020226896;0.0000291245;2290000000000;1130000000000;5296103758;0.000172546;0.304284953;108940061.9;0.00000181;3.350172178;0.0103810594416022;0.916735935846992;0.000733758148723663;1.05963031015984;353700036.3;0.000154681;1.683247293;0.011717535;1.115495762;1.919545236;1928505925;2.50372096810297;0.000159879;0.002283987;2.28944274205432;2.5;0.00000168;2.04878048780488;2;95.32928177;48.61484073;46251641290;66597253.77;0.01;0.723;0.783;0.764;NA;NA;NA;NA;NA;NA;NA;NA;NA;NA
sh10s_r4;sh10;sh10sp;sh10;no;NA;NA;yes;r4;0.16;0.84;0.145087989;0.023214078;0.121873911;0.823591017;0.131774563;0.691816454;6021;486183828;1.59;8.686800509;18253.03;0.92;0.08;0.07;0.01;0;3.75813560137786;4.32882800783082;NA;NA;NA;NA;NA;NA;NA;NA;NA;NA;NA;NA;NA;NA;NA;NA;NA;NA;NA;NA;NA;NA;NA;NA;NA;NA;1.930569867;3350958479;1.88395648190559;NA;NA;NA;NA;NA;NA;NA;NA;NA;NA;NA;NA;0.723;0.783;0.764;NA;NA;NA;NA;NA;NA;NA;NA;NA;NA
sh10s_r5;sh10;sh10sp;sh10;no;NA;NA;yes;r5;0.11;0.89;0.236241337;0.025986547;0.21025479;1.071773463;0.117895081;0.953878382;10395;919025652;1.9;8.963327634;18253.03;0.77;0.23;0.21;0.02;0;3.98067918681811;4.62032824106036;NA;NA;NA;NA;NA;NA;NA;NA;NA;NA;NA;NA;NA;NA;NA;NA;NA;NA;NA;NA;NA;NA;NA;NA;NA;NA;1.772762683;3890198314;1.48874889247273;NA;NA;NA;NA;NA;NA;NA;NA;NA;NA;NA;NA;0.723;0.783;0.764;NA;NA;NA;NA;NA;NA;NA;NA;NA;NA
sh10s_r6;sh10;sh10sp;sh10;no;NA;NA;yes;r6;0.1;0.9;0.491126532;0.049112653;0.442013878;0.792784137;0.079278414;0.713505723;12658.5;3438761323;1.89;9.536402033;18253.03;0.6;0.4;0.29;0.1;0.01;3.92996321139359;4.87370591777123;NA;NA;NA;NA;NA;NA;NA;NA;NA;NA;NA;NA;NA;NA;NA;NA;NA;NA;NA;NA;NA;NA;NA;NA;NA;NA;2.384003302;7001782845;4.00602612725451;NA;NA;NA;NA;NA;NA;NA;NA;NA;NA;NA;NA;0.723;0.783;0.764;NA;NA;NA;NA;NA;NA;NA;NA;NA;NA
sh10s_r7;sh10;sh10sp;sh10;no;NA;NA;yes;r7;0.08;0.92;1.856390217;0.148511217;1.707879;0.604997045;0.048399764;0.556597281;19204.5;4124513166;1.83;9.615372694;18253.03;0.49;0.51;0.35;0.16;0.01;4.04076687939089;5.02686670822102;NA;NA;NA;NA;NA;NA;NA;NA;NA;NA;NA;NA;NA;NA;NA;NA;NA;NA;NA;NA;NA;NA;NA;NA;NA;NA;3.024808162;2221792125;2.94517747092774;NA;NA;NA;NA;NA;NA;NA;NA;NA;NA;NA;NA;0.723;0.783;0.764;NA;NA;NA;NA;NA;NA;NA;NA;NA;NA
sh10s_r8;sh10;sh10sp;sh10;no;NA;NA;yes;r8;0.06;0.94;1.24616923;0.074770154;1.171399076;0.71449707;0.042869824;0.671627246;21116;2794123151;1.42;9.446245544;18253.03;0.45;0.55;0.44;0.11;0;4.11993754908976;4.89012541804105;NA;NA;NA;NA;NA;NA;NA;NA;NA;NA;NA;NA;NA;NA;NA;NA;NA;NA;NA;NA;NA;NA;NA;NA;NA;NA;1.987411929;2242169910;1.78810646389041;NA;NA;NA;NA;NA;NA;NA;NA;NA;NA;NA;NA;0.723;0.783;0.764;NA;NA;NA;NA;NA;NA;NA;NA;NA;NA
sh10mut_r1;sh10;sh10;sh10mut;yes;high;match;yes;r1;0.81;0.19;7.477209729;6.056539881;1.420669849;1.270150983;1.028822296;0.241328687;8730.5;1630878085;1;9.212421497;18253.03;0.65;0.35;0.27;0.08;0;3.71784873520536;4.590309069069;65565966223;324340075.3;1689199109;2,95E+12;0.022200385;0.00010982;0.000571956;0.021578445;0.0000864624;2950000000000;1330000000000;65565966223;0.001518028;0.731364403;324340075.3;0.00000363;1.068516905;0.00238555575562971;0.593659648695013;0.00193317638523243;1.50675012301107;1689199109;0.000571956;1.566693693;0.006345611;2.654099266;0.787307976;218113192.5;0.898397996360339;0.000203021;0.000250643;0.396521774897802;0.71;0.000000485475;2.69708333333333;0.84;418.1895317;202.1519116;63729145916;255355528.3;0.0017;0.702;0.766;0.762;65.942;1.025;-1196.2;0.086957;0.031400966;-0.480914765;-0.018614976;-0.022894205;0.000854984;0.022540255
sh10mut_r2;sh10;sh10;sh10mut;yes;high;match;yes;r2;0.74;0.26;4.781621716;3.53840007;1.243221646;1.385109468;1.024981006;0.360128462;9643;1585534788;1.15;9.200175775;18253.03;0.69;0.31;0.24;0.08;0;3.8530213819593;4.5753265471284;50650999029;192100027.7;878729593.2;2,47E+12;0.020470233;0.0000776358;0.000355132;0.019971329;0.0000560503;2470000000000;1180000000000;50650999029;0.001579107;1.138264131;192100027.7;0.00000152;0.734489473;0.000961643702151108;0.392197602199889;0.000711794307677409;1.29181014382854;878729593.2;0.000355132;1.647447406;0.004290968;4.446535373;0.830259287;331589339.8;1.26070369250133;0.000330245;0.000446277;0.85701364417602;1.1;0.000000318;0.669473684210526;0.53;1038.886184;263.6699205;49416524533;138689419.2;0.0017;0.702;0.766;0.762;65.942;1.025;-1196.2;0.086957;0.031400966;-0.480914765;-0.018614976;-0.022894205;0.000854984;0.022540255
sh10mut_r3;sh10;sh10;sh10mut;yes;high;match;yes;r3;0.8;0.2;0.32873569;0.262988552;0.065747138;0.498270131;0.398616105;0.099654026;5626;469530778;0.709;8.671664066;18253.03;0.89;0.11;0.09;0.01;0;3.71631263534727;4.23330689962783;14023010238;28053997.69;367869891.3;4,09E+12;0.003431417;0.00000686;0.0000900174;0.008608326;0.0000137772;4090000000000;1860000000000;14023010238;0.000269756;0.475714835;28053997.69;0.000000343;0.634757888;0.00126990473863287;0.571610517622773;0.00101618188174368;0.459210478376611;367869891.3;0.00009;0.979574381;0.00381494;2.996709525;1.422922941;1428292675;1.85430922074319;0.000820586;0.001025733;1.0281831604714;1.2;0.00000104;1.26829268292683;1.3;786.4606414;499.8578239;35179236519;56302788.28;0.0017;0.702;0.766;0.762;65.942;1.025;-1196.2;0.086957;0.031400966;-0.480914765;-0.018614976;-0.022894205;0.000854984;0.022540255
sh10mut_r4;sh10;sh10;sh10mut;yes;high;match;yes;r4;1;0;0.066523136;0.066523136;0;0.377618146;0.377618146;0;5079;245904437;0.805;8.390766365;18253.03;0.97;0.03;0.03;0;0;3.69562036888747;4.01456404712932;NA;NA;NA;NA;NA;NA;NA;NA;NA;NA;NA;NA;NA;NA;NA;NA;NA;NA;NA;NA;NA;NA;NA;NA;NA;NA;2.131783148;3696525003;2.07823889301254;NA;NA;NA;NA;NA;NA;NA;NA;NA;NA;NA;NA;0.702;0.766;0.762;65.942;1.025;-1196.2;0.086957;0.031400966;-0.480914765;-0.018614976;-0.022894205;0.000854984;0.022540255
sh11s_r1;sh11;sh11;sh11;yes;low;match;no;r1;1;0;7.222508517;7.222508517;0;1.226884977;1.226884977;0;9070;1462873340;0.897;9.165206725;18253.03;0.68;0.32;0.25;0.07;0;3.80218372629373;4.61411163659862;65947959854;253729907;1065000427;2,32E+12;0.028420634;0.000109346;0.000458968;0.023164872;0.0000891251;2320000000000;1040000000000;65947959854;0.002075611;1;253729907;0.00000363;1.067480599;0.00174582936754325;0.516319524118543;0.00174582936754325;1.3615231302784;1065000427;0.000458968;1.25719858;0.007900093;4.522343606;0.731119882;202543664.2;0.834267840505619;0.000287381;0.000287381;0.454641957652538;0.81;0.000000503;2.79444444444444;0.87;571.7936639;259.9140189;53752357467;206808227.1;0.0018;1.116;0.836;0.783;55.797;0.369;-1125.3;0.070048;0.036231884;0.446128641;0.129954786;-0.250360782;-0.25055869;0.09234629
sh11s_r2;sh11;sh11;sh11;yes;low;match;no;r2;1;0;4.13389;4.13389;0;1.197478705;1.197478705;0;9329;1341497742;0.969;9.127589946;18253.03;0.71;0.29;0.23;0.06;0;3.85056971968359;4.48508027469738;53005935785;150890049;422250090.5;1,86E+12;0.028541437;0.0000812479;0.000227364;0.023834609;0.0000678491;1860000000000;871000000000;53005935785;0.002103053;1.515938943;150890049;0.00000227;1.094499499;0.00107821935161493;0.419278034444453;0.00107821935161493;1.0513923820059;422250090.5;0.000227364;1.054735231;0.009987421;9.249718513;0.809200194;324512200.9;1.23379638857848;0.000508735;0.000508735;0.976955649226574;1.3;0.000000549;1.15578947368421;0.91;926.4550661;351.2884788;44264616618;126006457;0.0018;1.116;0.836;0.783;55.797;0.369;-1125.3;0.070048;0.036231884;0.446128641;0.129954786;-0.250360782;-0.25055869;0.09234629
sh11s_r3;sh11;sh11;sh11;yes;low;match;no;r3;1;0;0.917004043;0.917004043;0;1.38991822;1.38991822;0;6572;744752409;1.12;8.872011917;18253.03;0.83;0.17;0.14;0.02;0;3.75652891222089;4.36783086035149;25941030750;18453999.55;402989857.7;2,95E+12;0.0088055;0.00000626;0.000136792;0.006335265;0.00000451;2950000000000;1360000000000;25941030750;0.000621927;1.096768562;18453999.55;0.000000236;0.436974479;0.000379321817594425;0.284907228472308;0.000379321817594425;1.65557813821897;402989857.7;0.000136792;1.488578194;0.00172823;4.546515878;0.805802805;812158260.9;1.05440052886193;0.000678216;0.000678216;0.679836049305495;0.79;0.00000025736;0.313853658536585;0.31;2635.283898;1405.713199;18663710121;13277039.82;0.0018;1.116;0.836;0.783;55.797;0.369;-1125.3;0.070048;0.036231884;0.446128641;0.129954786;-0.250360782;-0.25055869;0.09234629
sh11s_r4;sh11;sh11;sh11;yes;low;match;no;r4;1;0;0.093428078;0.093428078;0;0.530343871;0.530343871;0;6233;305368445;1;8.484824158;18253.03;0.95;0.05;0.04;0;0;3.78331132220832;4.04441205037944;NA;NA;NA;NA;NA;NA;NA;NA;NA;NA;NA;NA;NA;NA;NA;NA;NA;NA;NA;NA;NA;NA;NA;NA;NA;NA;1.885569071;3268486855;1.83758976277679;NA;NA;NA;NA;NA;NA;NA;NA;NA;NA;NA;NA;1.116;0.836;0.783;55.797;0.369;-1125.3;0.070048;0.036231884;0.446128641;0.129954786;-0.250360782;-0.25055869;0.09234629
sh11s_r5;sh11;sh11;sh11;yes;low;match;no;r5;1;0;0.229781305;0.229781305;0;1.042465761;1.042465761;0;9196;531795608;1.1;8.725744746;18253.03;0.86;0.14;0.13;0.01;0;3.94408777254732;4.49115380489457;NA;NA;NA;NA;NA;NA;NA;NA;NA;NA;NA;NA;NA;NA;NA;NA;NA;NA;NA;NA;NA;NA;NA;NA;NA;NA;1.055190531;2314355412;0.885685967217577;NA;NA;NA;NA;NA;NA;NA;NA;NA;NA;NA;NA;1.116;0.836;0.783;55.797;0.369;-1125.3;0.070048;0.036231884;0.446128641;0.129954786;-0.250360782;-0.25055869;0.09234629
sh11s_r6;sh11;sh11;sh11;yes;low;match;no;r6;1;0;0.617352619;0.617352619;0;0.996540263;0.996540263;0;9337;1750492317;0.961;9.243160209;18253.03;0.71;0.29;0.22;0.07;0;3.85297267419076;4.82908329213686;NA;NA;NA;NA;NA;NA;NA;NA;NA;NA;NA;NA;NA;NA;NA;NA;NA;NA;NA;NA;NA;NA;NA;NA;NA;NA;0.96433635;2835482128;1.62230331039797;NA;NA;NA;NA;NA;NA;NA;NA;NA;NA;NA;NA;1.116;0.836;0.783;55.797;0.369;-1125.3;0.070048;0.036231884;0.446128641;0.129954786;-0.250360782;-0.25055869;0.09234629
sh11s_r7;sh11;sh11;sh11;yes;low;match;no;r7;1;0;3.96549235;3.96549235;0;1.292352831;1.292352831;0;11946.5;2251779237;1;9.35252581;18253.03;0.61;0.39;0.28;0.11;0;3.89436366708478;4.8586436063545;NA;NA;NA;NA;NA;NA;NA;NA;NA;NA;NA;NA;NA;NA;NA;NA;NA;NA;NA;NA;NA;NA;NA;NA;NA;NA;0.773782497;567843545.9;0.752725693631848;NA;NA;NA;NA;NA;NA;NA;NA;NA;NA;NA;NA;1.116;0.836;0.783;55.797;0.369;-1125.3;0.070048;0.036231884;0.446128641;0.129954786;-0.250360782;-0.25055869;0.09234629
sh11s_r8;sh11;sh11;sh11;yes;low;match;no;r8;1;0;1.604918459;1.604918459;0;0.920187651;0.920187651;0;14452;1789049399;0.912;9.252622332;18253.03;0.57;0.43;0.35;0.07;0;3.96121705784546;4.74915746598754;NA;NA;NA;NA;NA;NA;NA;NA;NA;NA;NA;NA;NA;NA;NA;NA;NA;NA;NA;NA;NA;NA;NA;NA;NA;NA;0.991102194;1114729156;0.888984550386147;NA;NA;NA;NA;NA;NA;NA;NA;NA;NA;NA;NA;1.116;0.836;0.783;55.797;0.369;-1125.3;0.070048;0.036231884;0.446128641;0.129954786;-0.250360782;-0.25055869;0.09234629
sh12s_r1;sh12;sh12;sh12;yes;high;overmatch;no;r1;1;0;6.928293272;6.928293272;0;1.176906737;1.176906737;0;9877.5;1620499810;0.994;9.209648984;18253.03;0.64;0.36;0.28;0.09;0;3.78851128864651;4.64527323099417;82510070689;313379849;1700298915;2,98E+12;0.027701225;0.000105211;0.000570844;0.023537316;0.0000893966;2980000000000;1370000000000;82510070689;0.002002235;0.964648482;313379849;0.00000341;1.003830211;0.00170020118216334;0.509952286793688;0.00170020118216334;1.30381091492262;1700298915;0.000570844;1.563647719;0.005973068;3.507499422;0.844586889;233895960.6;0.963406476936588;0.000288994;0.000288994;0.457193752926734;0.82;0.000000492;2.73333333333333;0.85;587.1656891;263.2909262;70107569355;266274156.8;0.0014;1.692;0.854;0.827;55.797;0.369;-1125.3;0.070048;0.036231884;0.446128641;0.129954786;-0.250360782;-0.25055869;0.09234629
sh12s_r2;sh12;sh12;sh12;yes;high;overmatch;no;r2;1;0;5.398280715;5.398280715;0;1.563739286;1.563739286;0;9368.5;1352994185;0.978;9.13129593;18253.03;0.69;0.31;0.24;0.07;0;3.82719428610214;4.50526369567215;74610912549;114759952.6;563550313.1;2,29E+12;0.032543166;0.000050055;0.000245805;0.02081112;0.0000320098;2290000000000;1060000000000;74610912549;0.002469866;1.780347929;114759952.6;0.00000171;0.825894579;0.000691866242429931;0.316890917274533;0.000691866242429931;1.4337746170536;563550313.1;0.000245805;1.140282513;0.006970973;10.04807063;0.625423949;250634277.2;0.95291229484043;0.000457528;0.000457528;0.878619643388672;1.1;0.000000317;0.667368421052632;0.53;1444.366082;650.1476417;47713140686;73388162.35;0.0014;1.692;0.854;0.827;55.797;0.369;-1125.3;0.070048;0.036231884;0.446128641;0.129954786;-0.250360782;-0.25055869;0.09234629
sh12s_r3;sh12;sh12;sh12;yes;high;overmatch;no;r3;1;0;1.846764621;1.846764621;0;2.799171731;2.799171731;0;6441;739457253;1.12;8.868913073;18253.03;0.8;0.2;0.17;0.03;0;3.72467424575544;4.2912688506511;38227013533;30643984.71;551390024;2,51E+12;0.015246339;0.0000122219;0.000219915;0.005446732;0.00000437;2510000000000;1140000000000;38227013533;0.001178962;2.07910005;30643984.71;0.000000284;0.52439784;0.000240831853574233;0.20142049740628;0.000240831853574233;3.57336259994242;551390024;0.000219915;2.393127329;0.001290067;5.360989473;0.400118359;400406876.1;0.519836148008815;0.000638393;0.000638393;0.639917924413878;0.74;0.000000154;0.18780487804878;0.19;4151.274648;1247.455704;13656544581;10947518.64;0.0014;1.692;0.854;0.827;55.797;0.369;-1125.3;0.070048;0.036231884;0.446128641;0.129954786;-0.250360782;-0.25055869;0.09234629
sh12s_r4;sh12;sh12;sh12;yes;high;overmatch;no;r4;1;0;0.176165094;0.176165094;0;1;1;0;6514;376942425;1.23;8.57627502;18253.03;0.94;0.06;0.06;0.01;0;3.79815824330637;4.19319797494768;NA;NA;NA;NA;NA;NA;NA;NA;NA;NA;NA;NA;NA;NA;NA;NA;NA;NA;NA;NA;NA;NA;NA;NA;NA;NA;1.23;2139711197;1.20297604528872;NA;NA;NA;NA;NA;NA;NA;NA;NA;NA;NA;NA;1.692;0.854;0.827;55.797;0.369;-1125.3;0.070048;0.036231884;0.446128641;0.129954786;-0.250360782;-0.25055869;0.09234629
sh12s_r5;sh12;sh12;sh12;yes;high;overmatch;no;r5;1;0;0.428787078;0.428787078;0;1.945309895;1.945309895;0;9075;567114464;1.17;8.753670724;18253.03;0.83;0.17;0.16;0.01;0;3.92191775189852;4.46008527838244;NA;NA;NA;NA;NA;NA;NA;NA;NA;NA;NA;NA;NA;NA;NA;NA;NA;NA;NA;NA;NA;NA;NA;NA;NA;NA;0.601446589;1322601574;0.506149422097352;NA;NA;NA;NA;NA;NA;NA;NA;NA;NA;NA;NA;1.692;0.854;0.827;55.797;0.369;-1125.3;0.070048;0.036231884;0.446128641;0.129954786;-0.250360782;-0.25055869;0.09234629
sh12s_r6;sh12;sh12;sh12;yes;high;overmatch;no;r6;NA;NA;NA;NA;NA;NA;NA;NA;10403;1940935931;1.07;9.2880112;18253.03;0.67;0.33;0.24;0.09;0;3.8857573499008;4.93274830576454;NA;NA;NA;NA;NA;NA;NA;NA;NA;NA;NA;NA;NA;NA;NA;NA;NA;NA;NA;NA;NA;NA;NA;NA;NA;NA;NA;NA;NA;NA;NA;NA;NA;NA;NA;NA;NA;NA;NA;NA;NA;1.692;0.854;0.827;55.797;0.369;-1125.3;0.070048;0.036231884;0.446128641;0.129954786;-0.250360782;-0.25055869;0.09234629
sh12s_r7;sh12;sh12;sh12;yes;high;overmatch;no;r7;1;0;3.143779429;3.143779429;0;1.024556823;1.024556823;0;10413;1827683794;0.812;9.261901061;18253.03;0.62;0.38;0.29;0.09;0;3.8095108988289;4.80574331332943;NA;NA;NA;NA;NA;NA;NA;NA;NA;NA;NA;NA;NA;NA;NA;NA;NA;NA;NA;NA;NA;NA;NA;NA;NA;NA;0.79253779;581365148.3;0.770649746161885;NA;NA;NA;NA;NA;NA;NA;NA;NA;NA;NA;NA;1.692;0.854;0.827;55.797;0.369;-1125.3;0.070048;0.036231884;0.446128641;0.129954786;-0.250360782;-0.25055869;0.09234629
sh12s_r8;sh12;sh12;sh12;yes;high;overmatch;no;r8;1;0;1.738086641;1.738086641;0;0.996540263;0.996540263;0;17003.5;1968832095;1;9.29420868;18253.03;0.52;0.48;0.38;0.1;0;3.99998132630848;4.91746840216588;NA;NA;NA;NA;NA;NA;NA;NA;NA;NA;NA;NA;NA;NA;NA;NA;NA;NA;NA;NA;NA;NA;NA;NA;NA;NA;1.003471748;1132758315;0.903362611389744;NA;NA;NA;NA;NA;NA;NA;NA;NA;NA;NA;NA;1.692;0.854;0.827;55.797;0.369;-1125.3;0.070048;0.036231884;0.446128641;0.129954786;-0.250360782;-0.25055869;0.09234629
sh13s_r1;sh13;sh13sp;sh13;no;NA;NA;yes;r1;0.69;0.31;5.725890179;3.950864223;1.775025955;0.972654947;0.671131913;0.301523034;12253.5;1795188210;1.1;9.254109987;18253.03;0.6;0.4;0.31;0.09;0;3.86618829537602;4.6882804798919;64545923589;168470073.7;547999806.7;1,52E+12;0.042353894;0.000110547;0.000359588;0.063108151;0.000113655;1520000000000;688000000000;64545923589;0.003139832;1.512726614;168470073.7;0.00000311;0.914840374;0.000989518737539541;0.376854842120633;0.000682977432693968;0.590848020390494;547999806.7;0.000359588;0.984978306;0.008641612;8.731748557;1.13092521;313521243.7;1.29137927847478;0.000548357;0.00079472;1.25726146330351;2.3;0.000000543;3.01666666666667;0.94;1009.592283;383.1299065;96174719662;173206412.2;0.001;1.099;0.833;0.809;NA;NA;NA;NA;NA;NA;NA;NA;NA;NA
sh13s_r2;sh13;sh13sp;sh13;no;NA;NA;yes;r2;0.68;0.32;3.300077716;2.244052847;1.056024869;0.955945318;0.650042816;0.305902502;11042;1808380951;1.31;9.257289924;18253.03;0.63;0.37;0.28;0.09;0;3.85889946479217;4.57766455668596;43493024995;140219919.8;338770146.9;1,69E+12;0.025677949;0.0000827848;0.000200007;0.039501935;0.0000865999;1690000000000;815000000000;43493024995;0.001688581;1.217176028;140219919.8;0.000000922;0.444604091;0.000545722617834949;0.267546882957985;0.000371156195613425;0.599153011964634;338770146.9;0.000200007;0.927826874;0.004611984;8.442609509;1.370371271;547981322.4;2.08342667767343;0.000511679;0.000752469;1.44501329851076;1.9;0.000000279;0.587368421052632;0.47;1831.432755;310.1772206;66907938869;146681946.3;0.001;1.099;0.833;0.809;NA;NA;NA;NA;NA;NA;NA;NA;NA;NA
sh13s_r3;sh13;sh13sp;sh13;no;NA;NA;yes;r3;0.76;0.24;1.031683179;0.784079216;0.247603963;1.563739286;1.188441857;0.375297429;8003.5;1143969957;1.73;9.058414619;18253.03;0.74;0.26;0.21;0.05;0;3.79536788819337;4.45141936044092;40308946085;46802972.28;526789896.6;2,84E+12;0.014176047;0.0000164599;0.000185264;0.011928263;0.000010526;2840000000000;1310000000000;40308946085;0.001011059;1.78300303;46802972.28;0.00000114;2.106297284;0.00112626074516968;0.541562007031993;0.000856189596541245;1.28897668299211;526789896.6;0.000185264;2.016053209;0.006150844;5.457395932;1.106322528;1108838430;1.43957142751811;0.000980009;0.001289486;1.29256618521938;1.5;0.0000011;1.34146341463415;1.3;886.8938596;861.2475687;33917474252;29930163.36;0.001;1.099;0.833;0.809;NA;NA;NA;NA;NA;NA;NA;NA;NA;NA
sh13s_r4;sh13;sh13sp;sh13;no;NA;NA;yes;r4;1;0;0.162667732;0.162667732;0;0.923382311;0.923382311;0;6309;335149668;1.1;8.525238794;18253.03;0.94;0.06;0.05;0.01;0;3.78559605752275;4.13744945516252;NA;NA;NA;NA;NA;NA;NA;NA;NA;NA;NA;NA;NA;NA;NA;NA;NA;NA;NA;NA;NA;NA;NA;NA;NA;NA;1.19127255;2060332827;1.15834839752114;NA;NA;NA;NA;NA;NA;NA;NA;NA;NA;NA;NA;1.099;0.833;0.809;NA;NA;NA;NA;NA;NA;NA;NA;NA;NA
sh13s_r5;sh13;sh13sp;sh13;no;NA;NA;yes;r5;0.89;0.11;0.231379561;0.205927809;0.025451752;1.049716684;0.934247849;0.115468835;8885;482370147;0.996;8.683380422;18253.03;0.85;0.15;0.14;0.01;0;3.91886175899866;4.40492688231385;NA;NA;NA;NA;NA;NA;NA;NA;NA;NA;NA;NA;NA;NA;NA;NA;NA;NA;NA;NA;NA;NA;NA;NA;NA;NA;0.948827446;2084756947;0.797820405389515;NA;NA;NA;NA;NA;NA;NA;NA;NA;NA;NA;NA;1.099;0.833;0.809;NA;NA;NA;NA;NA;NA;NA;NA;NA;NA
sh13s_r6;sh13;sh13sp;sh13;no;NA;NA;yes;r6;0.85;0.15;0.692154814;0.588331592;0.103823222;1.117287138;0.949694067;0.167593071;10482;1821148491;1;9.260345358;18253.03;0.67;0.33;0.25;0.08;0;3.88102970531895;4.77364489888473;NA;NA;NA;NA;NA;NA;NA;NA;NA;NA;NA;NA;NA;NA;NA;NA;NA;NA;NA;NA;NA;NA;NA;NA;NA;NA;0.895025071;2631128836;1.50538385644388;NA;NA;NA;NA;NA;NA;NA;NA;NA;NA;NA;NA;1.099;0.833;0.809;NA;NA;NA;NA;NA;NA;NA;NA;NA;NA
sh13s_r7;sh13;sh13sp;sh13;no;NA;NA;yes;r7;0.76;0.24;2.215296799;1.683625567;0.531671232;0.721964598;0.548693094;0.173271504;14164;2091199753;0.929;9.320395519;18253.03;0.58;0.42;0.32;0.09;0;3.98595485298706;4.82641114854094;NA;NA;NA;NA;NA;NA;NA;NA;NA;NA;NA;NA;NA;NA;NA;NA;NA;NA;NA;NA;NA;NA;NA;NA;NA;NA;1.286766695;943981751.6;1.25132939148357;NA;NA;NA;NA;NA;NA;NA;NA;NA;NA;NA;NA;1.099;0.833;0.809;NA;NA;NA;NA;NA;NA;NA;NA;NA;NA
sh13s_r8;sh13;sh13sp;sh13;no;NA;NA;yes;r8;0.82;0.18;2.110375908;1.730508245;0.379867663;1.209994089;0.992195153;0.217798936;19897.5;1882574368;0.959;9.274752141;18253.03;0.48;0.52;0.45;0.08;0;3.9848676546033;4.78361028953243;NA;NA;NA;NA;NA;NA;NA;NA;NA;NA;NA;NA;NA;NA;NA;NA;NA;NA;NA;NA;NA;NA;NA;NA;NA;NA;0.792565855;892056415.6;0.711405427293986;NA;NA;NA;NA;NA;NA;NA;NA;NA;NA;NA;NA;1.099;0.833;0.809;NA;NA;NA;NA;NA;NA;NA;NA;NA;NA
sh13mut_r1;sh13;sh13;sh13mut;yes;high;overmatch;yes;r1;1;0;7.025008641;7.025008641;0;1.193335743;1.193335743;0;11387;1730935908;1.06;9.238280987;18253.03;0.6;0.4;0.31;0.09;0;3.81352567345068;4.64820371310105;1,19E+11;256709961.9;1117000000;2,78E+12;0.04290317;0.0000922881;0.000401565;0.035952304;0.0000773363;2780000000000;1230000000000;119000000000;0.003498616;1.685583667;256709961.9;0.00000319;0.938701909;0.000910958516833885;0.35769807889231;0.000910958516833885;0.969496901869721;1117000000;0.000401565;1.099961104;0.007940109;8.712452529;0.888266363;246396267.4;1.01489465357684;0.000498023;0.000498023;0.787881424575703;1.4;0.000000454;2.52222222222222;0.79;1096.744828;463.5581694;99720469028;215119645.4;0.00094;1.014;0.817;0.813;63.043;1.415;-1096.5;0.077295;0.024154589;-0.138359754;0.668605873;-0.654901587;-0.24157392;-0.098650224
sh13mut_r2;sh13;sh13;sh13mut;yes;high;overmatch;yes;r2;1;0;4.798222304;4.798222304;0;1.38991822;1.38991822;0;10495;1719383070;1.24;9.235372646;18253.03;0.64;0.36;0.27;0.09;0;3.84933600128899;4.54334074408699;81841056206;233639866.9;615339712;2,85E+12;0.028670412;0.0000818483;0.000215565;0.020627409;0.0000588871;2850000000000;1340000000000;81841056206;0.002064495;1.488145267;233639866.9;0.00000207;1;0.00100166217854265;0.401905794353284;0.00100166217854265;1.33504700161382;615339712;0.000215565;1;0.009624568;9.577134507;0.89213882;358337517.7;1.3624003473653;0.000430262;0.000430262;0.826259037706319;1.1;0.000000431;0.907368421052631;0.72;997.3405797;350.2872061;58881921993;168096125;0.00094;1.014;0.817;0.813;63.043;1.415;-1096.5;0.077295;0.024154589;-0.138359754;0.668605873;-0.654901587;-0.24157392;-0.098650224
sh13mut_r3;sh13;sh13;sh13mut;yes;high;overmatch;yes;r3;1;0;1.038859103;1.038859103;0;1.574615953;1.574615953;0;6749;738682203;1.11;8.868457636;18253.03;0.82;0.18;0.15;0.02;0;3.76261433774517;4.35604343366557;35062019983;33136992.08;442570068.6;2,71E+12;0.012916781;0.0000122076;0.000163042;0.008203131;0.00000775;2710000000000;1370000000000;35062019983;0.000730718;1.288621542;33136992.08;0.000000575;1.06206713;0.000786278550457888;0.45181105547949;0.000786278550457888;1.76619017862737;442570068.6;0.000163042;1.774232162;0.003524184;4.481777701;0.704933795;711051383.8;0.923136525504162;0.000703385;0.000703385;0.705065170300827;0.82;0.000000553;0.674390243902439;0.67;1270.813913;1058.093019;22267029568;21044491.53;0.00094;1.014;0.817;0.813;63.043;1.415;-1096.5;0.077295;0.024154589;-0.138359754;0.668605873;-0.654901587;-0.24157392;-0.098650224
sh13mut_r4;sh13;sh13;sh13mut;yes;high;overmatch;yes;r4;1;0;0.150204506;0.150204506;0;0.852634892;0.852634892;0;5789;293463274;0.961;8.467553758;18253.03;0.95;0.05;0.05;0;0;3.74786032025453;4.02382499182184;NA;NA;NA;NA;NA;NA;NA;NA;NA;NA;NA;NA;NA;NA;NA;NA;NA;NA;NA;NA;NA;NA;NA;NA;NA;NA;1.127094386;1953758122;1.09843058369259;NA;NA;NA;NA;NA;NA;NA;NA;NA;NA;NA;NA;1.014;0.817;0.813;63.043;1.415;-1096.5;0.077295;0.024154589;-0.138359754;0.668605873;-0.654901587;-0.24157392;-0.098650224
sh2s_r1;sh2;sh2;sh2;yes;high;overmatch;no;r1;1;0;6.265805557;6.265805557;0;1.064370182;1.064370182;0;8731;915928578;0.562;8.96186161;18253.03;0.69;0.31;0.28;0.03;0;3.73675514069461;4.39500265015557;83985936161;94835023.69;602260140.4;2,17E+12;0.038736475;0.0000437404;0.000277778;0.036393799;0.0000410951;2170000000000;996000000000;83985936161;0.00271233;1.306762202;94835023.69;0.00000126;0.370211501;0.000464329541308746;0.220761661520222;0.000464329541308746;0.910524693557807;602260140.4;0.000277778;0.760885524;0.00452696;9.764380188;0.528011785;146178902.3;0.602104033374661;0.000432878;0.000432878;0.684820852264817;1.2;0.000000201;1.11666666666667;0.35;2152.642857;885.6004132;78906697671;89099662.22;0.00031;3.475;0.996;0.994;97.826;3.458;-1299.3;0.111111;0.009661836;-2.814593643;0.562248728;0.102197072;0.531636004;0.00028917
sh2s_r2;sh2;sh2;sh2;yes;high;overmatch;no;r2;1;0;3.288660315;3.288660315;0;0.952637998;0.952637998;0;6795.5;654098119;0.473;8.8156429;18253.03;0.8;0.2;0.18;0.02;0;3.7442894438439;4.23462568734237;55823935899;56874030.36;396899759.6;2,88E+12;0.019407581;0.0000197727;0.000137985;0.020372462;0.0000207557;2880000000000;1290000000000;55823935899;0.001473753;1.062322046;56874030.36;0.00000154;0.740967456;0.00104386043992617;0.410897670716879;0.00104386043992617;0.894694339045978;396899759.6;0.000137985;0.640108552;0.011141066;10.68053049;0.496515991;198895007.8;0.756199433023933;0.000448132;0.000448132;0.860575916733079;1.1;0.000000468;0.985263157894737;0.78;956.9824675;981.5364859;58599316861;59701618.54;0.00031;3.475;0.996;0.994;97.826;3.458;-1299.3;0.111111;0.009661836;-2.814593643;0.562248728;0.102197072;0.531636004;0.00028917
sh2s_r3;sh2;sh2;sh2;yes;high;overmatch;no;r3;1;0;0.648419777;0.648419777;0;0.982820599;0.982820599;0;6314;484591750;0.731;8.685376016;18253.03;0.87;0.13;0.12;0.01;0;3.75387373854854;4.27132525334061;51583042771;40242020.36;535810126.4;4,28E+12;0.012056181;0.00000941;0.000125232;0.01226692;0.00000957;4280000000000;1990000000000;51583042771;0.000946978;1.669996156;40242020.36;0.000000515;0.951897466;0.000543539635649023;0.363057241534416;0.000543539635649023;0.725231852117996;535810126.4;0.000125232;1.362781628;0.004112264;7.561789319;0.743777655;747342642.8;0.97025237043845;0.00146044;0.00146044;1.46392854171491;1.7;0.000000794;0.968292682926829;0.97;1838.792233;1281.820403;52484698452;40945438.47;0.00031;3.475;0.996;0.994;97.826;3.458;-1299.3;0.111111;0.009661836;-2.814593643;0.562248728;0.102197072;0.531636004;0.00028917
sh2s_r4;sh2;sh2;sh2;yes;high;overmatch;no;r4;1;0;0.178624267;0.178624267;0;1.01395948;1.01395948;0;5774.5;305302175;1;8.484729898;18253.03;0.94;0.06;0.05;0;0;3.74405537701918;4.17109673074844;NA;NA;NA;NA;NA;NA;NA;NA;NA;NA;NA;NA;NA;NA;NA;NA;NA;NA;NA;NA;NA;NA;NA;NA;NA;NA;0.986232704;1709186435;0.960928905321528;NA;NA;NA;NA;NA;NA;NA;NA;NA;NA;NA;NA;3.475;0.996;0.994;97.826;3.458;-1299.3;0.111111;0.009661836;-2.814593643;0.562248728;0.102197072;0.531636004;0.00028917
sh2s_r5;sh2;sh2;sh2;yes;high;overmatch;no;r5;1;0;0.161357589;0.161357589;0;0.732042848;0.732042848;0;8542;459008788;0.947;8.661821;18253.03;0.87;0.13;0.12;0.01;0;3.9110327759434;4.46008936216459;NA;NA;NA;NA;NA;NA;NA;NA;NA;NA;NA;NA;NA;NA;NA;NA;NA;NA;NA;NA;NA;NA;NA;NA;NA;NA;1.293640123;2844668120;1.08863255064957;NA;NA;NA;NA;NA;NA;NA;NA;NA;NA;NA;NA;3.475;0.996;0.994;97.826;3.458;-1299.3;0.111111;0.009661836;-2.814593643;0.562248728;0.102197072;0.531636004;0.00028917
sh2s_r6;sh2;sh2;sh2;yes;high;overmatch;no;r6;1;0;0.919656283;0.919656283;0;1.484523571;1.484523571;0;8255.5;1377440138;0.756;9.139072734;18253.03;0.72;0.28;0.2;0.07;0;3.81062250599698;4.93432455006017;NA;NA;NA;NA;NA;NA;NA;NA;NA;NA;NA;NA;NA;NA;NA;NA;NA;NA;NA;NA;NA;NA;NA;NA;NA;NA;0.509254292;1497777119;0.856943781940152;NA;NA;NA;NA;NA;NA;NA;NA;NA;NA;NA;NA;3.475;0.996;0.994;97.826;3.458;-1299.3;0.111111;0.009661836;-2.814593643;0.562248728;0.102197072;0.531636004;0.00028917
sh2s_r7;sh2;sh2;sh2;yes;high;overmatch;no;r7;1;0;2.117702602;2.117702602;0;0.690158677;0.690158677;0;14818;1584047397;0.703;9.199768172;18253.03;0.58;0.42;0.35;0.07;0;4.01956615866427;4.82000137557194;NA;NA;NA;NA;NA;NA;NA;NA;NA;NA;NA;NA;NA;NA;NA;NA;NA;NA;NA;NA;NA;NA;NA;NA;NA;NA;1.018606334;748002762.6;0.991542304886526;NA;NA;NA;NA;NA;NA;NA;NA;NA;NA;NA;NA;3.475;0.996;0.994;97.826;3.458;-1299.3;0.111111;0.009661836;-2.814593643;0.562248728;0.102197072;0.531636004;0.00028917
sh2s_r8;sh2;sh2;sh2;yes;high;overmatch;no;r8;1;0;4.048815774;4.048815774;0;2.321407829;2.321407829;0;16588;1440747363;0.734;9.158587833;18253.03;0.54;0.46;0.41;0.06;0;4.05737651500458;4.75839641505658;NA;NA;NA;NA;NA;NA;NA;NA;NA;NA;NA;NA;NA;NA;NA;NA;NA;NA;NA;NA;NA;NA;NA;NA;NA;NA;0.316187441;355844139;0.283781885683863;NA;NA;NA;NA;NA;NA;NA;NA;NA;NA;NA;NA;3.475;0.996;0.994;97.826;3.458;-1299.3;0.111111;0.009661836;-2.814593643;0.562248728;0.102197072;0.531636004;0.00028917
sh3s_r1;sh3;sh3;sh3;yes;low;undermatch;no;r1;1;0;6.397463451;6.397463451;0;1.086734863;1.086734863;0;8650;1139796934;0.699;9.056827484;18253.03;0.69;0.31;0.26;0.05;0;3.75558716519751;4.48115919692902;47866024209;134779985.6;417160229.5;1,95E+12;0.024600618;0.0000692698;0.000214398;0.022637185;0.0000637412;1950000000000;892000000000;47866024209;0.001845893;0.889325119;134779985.6;0.00000209;0.61659915;0.00113096278483081;0.409448976082608;0.00113096278483081;1.22919358786215;417160229.5;0.000214398;0.587275935;0.009768701;8.609655874;0.643211168;178163883.7;0.733848669606981;0.000288535;0.000288535;0.456467606596383;0.82;0.000000327;1.81666666666667;0.57;883.2023923;355.14193;44045724342;124022878.2;0.00089;-0.42;0.703;0.683;23.188;-0.432;-1010;0.024155;0.065217391;2.778716232;0.564362659;-0.11219738;-0.240194619;-0.157051025
sh3s_r2;sh3;sh3;sh3;yes;low;undermatch;no;r2;1;0;3.311534756;3.311534756;0;0.959264119;0.959264119;0;6693.5;729626013;0.527;8.863100309;18253.03;0.82;0.18;0.15;0.03;0;3.75875869508235;4.26253699221385;29835016769;105829981.4;216590022;2,89E+12;0.010319404;0.0000366047;0.0000749147;0.010757625;0.0000381592;2890000000000;1320000000000;29835016769;0.000717671;0.517317166;105829981.4;0.00000175;0.845285147;0.00243251170038128;0.620346185336323;0.00243251170038128;1.27039220858976;216590022;0.0000749;0.347527196;0.023409691;9.57984214;0.549379456;220328659.3;0.837690242125742;0.000216719;0.000216719;0.41617905460551;0.54;0.000000528;1.11157894736842;0.88;410.0977143;281.914599;31101983466;110324132.1;0.00089;-0.42;0.703;0.683;23.188;-0.432;-1010;0.024155;0.065217391;2.778716232;0.564362659;-0.11219738;-0.240194619;-0.157051025
sh3s_r3;sh3;sh3;sh3;yes;low;undermatch;no;r3;1;0;0.429282718;0.429282718;0;0.650670928;0.650670928;0;5835.5;401070104;0.605;8.603220291;18253.03;0.91;0.09;0.08;0.01;0;3.74301751774246;4.18437749172766;8219792180;18113994.96;77480029.48;3,04E+12;0.002707358;0.00000597;0.0000255196;0.004160871;0.00000917;3040000000000;1410000000000;8219792180;0.00022414;0.395270997;18113994.96;0.000000438;0.810197944;0.00195032460882188;0.672101882050896;0.00195032460882188;0.788527080458851;77480029.48;0.0000255;0.277705714;0.017176053;8.783053026;0.929809484;934279641.3;1.21294702685164;0.000522127;0.000522127;0.523374200720317;0.61;0.00000102;1.24390243902439;1.2;511.7351598;453.7812999;12632794591;27838949.28;0.00089;-0.42;0.703;0.683;23.188;-0.432;-1010;0.024155;0.065217391;2.778716232;0.564362659;-0.11219738;-0.240194619;-0.157051025
sh3s_r4;sh3;sh3;sh3;yes;low;undermatch;no;r4;1;0;0.080772052;0.080772052;0;0.458502022;0.458502022;0;5512.5;224819012;0.736;8.351833035;18253.03;0.97;0.03;0.03;0;0;3.73368394737228;4.01135681845868;NA;NA;NA;NA;NA;NA;NA;NA;NA;NA;NA;NA;NA;NA;NA;NA;NA;NA;NA;NA;NA;NA;NA;NA;NA;NA;1.605227381;2783376263;1.5648536933904;NA;NA;NA;NA;NA;NA;NA;NA;NA;NA;NA;NA;-0.42;0.703;0.683;23.188;-0.432;-1010;0.024155;0.065217391;2.778716232;0.564362659;-0.11219738;-0.240194619;-0.157051025
sh3s_r5;sh3;sh3;sh3;yes;low;undermatch;no;r5;1;0;0.111748962;0.111748962;0;0.50697974;0.50697974;0;8205;412723820;0.852;8.615659535;18253.03;0.89;0.11;0.1;0.01;0;3.90426138123322;4.38413965337011;NA;NA;NA;NA;NA;NA;NA;NA;NA;NA;NA;NA;NA;NA;NA;NA;NA;NA;NA;NA;NA;NA;NA;NA;NA;NA;1.680540528;3693312343;1.41340214981059;NA;NA;NA;NA;NA;NA;NA;NA;NA;NA;NA;NA;-0.42;0.703;0.683;23.188;-0.432;-1010;0.024155;0.065217391;2.778716232;0.564362659;-0.11219738;-0.240194619;-0.157051025
sh3s_r6;sh3;sh3;sh3;yes;low;undermatch;no;r6;1;0;0.539302515;0.539302515;0;0.870550563;0.870550563;0;7961;1296951274;0.712;9.11292366;18253.03;0.78;0.22;0.18;0.05;0;3.82617903427433;4.68560061015058;NA;NA;NA;NA;NA;NA;NA;NA;NA;NA;NA;NA;NA;NA;NA;NA;NA;NA;NA;NA;NA;NA;NA;NA;NA;NA;0.817873229;2404867840;1.3759300470899;NA;NA;NA;NA;NA;NA;NA;NA;NA;NA;NA;NA;-0.42;0.703;0.683;23.188;-0.432;-1010;0.024155;0.065217391;2.778716232;0.564362659;-0.11219738;-0.240194619;-0.157051025
sh3s_r7;sh3;sh3;sh3;yes;low;undermatch;no;r7;1;0;3.057812615;3.057812615;0;0.996540263;0.996540263;0;14878;2267195942;1.01;9.355489056;18253.03;0.58;0.42;0.33;0.09;0;4.03071762529363;4.87579234694631;NA;NA;NA;NA;NA;NA;NA;NA;NA;NA;NA;NA;NA;NA;NA;NA;NA;NA;NA;NA;NA;NA;NA;NA;NA;NA;1.013506466;741443714;0.982847719128446;NA;NA;NA;NA;NA;NA;NA;NA;NA;NA;NA;NA;-0.42;0.703;0.683;23.188;-0.432;-1010;0.024155;0.065217391;2.778716232;0.564362659;-0.11219738;-0.240194619;-0.157051025
sh3s_r8;sh3;sh3;sh3;yes;low;undermatch;no;r8;1;0;1.744120841;1.744120841;0;1;1;0;18885.5;2061082447;1.05;9.314095365;18253.03;0.49;0.51;0.43;0.08;0;4.09076923872991;4.80007142538122;NA;NA;NA;NA;NA;NA;NA;NA;NA;NA;NA;NA;NA;NA;NA;NA;NA;NA;NA;NA;NA;NA;NA;NA;NA;NA;1.05;1181731448;0.942418159893766;NA;NA;NA;NA;NA;NA;NA;NA;NA;NA;NA;NA;-0.42;0.703;0.683;23.188;-0.432;-1010;0.024155;0.065217391;2.778716232;0.564362659;-0.11219738;-0.240194619;-0.157051025
sh4s_r1;sh4;sh4sp;sh4;no;NA;NA;yes;r1;0.08;0.92;5.886866863;0.470949349;5.415917514;1;0.08;0.92;9239;2215519549;1.36;9.345475586;18253.03;0.65;0.35;0.26;0.09;0;3.77243580233498;4.69032354275556;4617196919;84916997.08;24934006.85;3,75E+11;0.012301023;0.000226234;0.0000664286;0.153762789;0.000226234;375000000000;195000000000;4617196919;0.001192831;0.574689092;84916997.08;0.0000192;5.643834568;0.0158411789797456;0.907584320102113;0.00128603687130481;0.517938911550397;24934006.85;0.0000664;0.181960271;0.288585037;17.95658798;1.36;376349525.3;1.55016601969496;0.000202626;0.002532822;4.00697037196411;7.2;0.00000326;18.1111111111111;5.6;62.12661458;54.37305931;57714961488;84916997.08;0.02;-2.013;0.496;0.447;NA;NA;NA;NA;NA;NA;NA;NA;NA;NA
sh4s_r2;sh4;sh4sp;sh4;no;NA;NA;yes;r2;0.11;0.89;2.902910313;0.319320134;2.583590179;0.840896415;0.092498606;0.748397809;9143;2560091332;1.85;9.408255459;18253.03;0.72;0.28;0.19;0.08;0.01;3.86111893810625;4.67919396165689;21919991196;447859815.6;345859784.4;3,17E+12;0.006918731;0.000141361;0.000109166;0.074798217;0.000168107;3170000000000;1440000000000;21919991196;0.000580454;0.418407346;447859815.6;0.00000499;2.403717128;0.00852344545336531;0.85174029357856;0.000944745713423364;0.439535875210979;345859784.4;0.000109166;0.506418018;0.045683088;5.317168349;2.200033163;881905073.1;3.3530058076156;0.000199956;0.001817781;3.49079858277243;4.6;0.00000172;3.62105263157895;2.9;116.3234469;48.94386688;2,37E+11;532598079.4;0.02;-2.013;0.496;0.447;NA;NA;NA;NA;NA;NA;NA;NA;NA;NA
sh4s_r3;sh4;sh4sp;sh4;no;NA;NA;yes;r3;0.15;0.85;0.512278412;0.076841762;0.43543665;0.776468875;0.116470331;0.659998544;6488;1033252217;1.56;9.014206346;18253.03;0.88;0.12;0.09;0.02;0;3.78444344789087;4.5165248888577;9916893101;42358978.84;142040023.1;3,30E+12;0.003005338;0.000012837;0.0000430456;0.025803466;0.0000165325;3300000000000;1560000000000;9916893101;0.000220174;0.388276954;42358978.84;0.000000415;0.766241352;0.00188132681140039;0.663689218280788;0.000282651017541279;0.357065327954608;142040023.1;0.000043;0.468424627;0.009630369;5.114901407;2.009095342;2016973961;2.6185763459728;0.000429794;0.002865291;2.87213529841613;3.2;0.00000081;0.98780487804878;0.99;530.539759;234.1154903;85145229827;54553350.69;0.02;-2.013;0.496;0.447;NA;NA;NA;NA;NA;NA;NA;NA;NA;NA
sh4s_r4;sh4;sh4sp;sh4;no;NA;NA;yes;r4;0.25;0.75;0.541487523;0.135371881;0.406115642;3.073750363;0.768437591;2.305312772;6791;1075245080;3.52;9.031507464;18253.03;0.88;0.12;0.09;0.03;0;3.79943087899819;4.62336929098315;NA;NA;NA;NA;NA;NA;NA;NA;NA;NA;NA;NA;NA;NA;NA;NA;NA;NA;NA;NA;NA;NA;NA;NA;NA;NA;1.145180833;1985724573;1.11640257676334;NA;NA;NA;NA;NA;NA;NA;NA;NA;NA;NA;NA;-2.013;0.496;0.447;NA;NA;NA;NA;NA;NA;NA;NA;NA;NA
sh4s_r5;sh4;sh4sp;sh4;no;NA;NA;yes;r5;0.3;0.7;0.202126913;0.060638074;0.141488839;0.917004043;0.275101213;0.64190283;11457;1025975882;2.12;9.011137152;18253.03;0.76;0.24;0.21;0.03;0;4.0308477942249;4.72300121856229;NA;NA;NA;NA;NA;NA;NA;NA;NA;NA;NA;NA;NA;NA;NA;NA;NA;NA;NA;NA;NA;NA;NA;NA;NA;NA;2.311876394;5075899427;1.94250756395995;NA;NA;NA;NA;NA;NA;NA;NA;NA;NA;NA;NA;-2.013;0.496;0.447;NA;NA;NA;NA;NA;NA;NA;NA;NA;NA
sh4s_r6;sh4;sh4sp;sh4;no;NA;NA;yes;r6;0.27;0.73;0.706698458;0.190808584;0.515889875;1.140763716;0.308006203;0.832757513;8834;2811308030;1.54;9.448908433;18253.03;0.71;0.29;0.18;0.09;0.01;3.84776839172252;4.96047364227413;NA;NA;NA;NA;NA;NA;NA;NA;NA;NA;NA;NA;NA;NA;NA;NA;NA;NA;NA;NA;NA;NA;NA;NA;NA;NA;1.349972811;3978087114;2.27603758470725;NA;NA;NA;NA;NA;NA;NA;NA;NA;NA;NA;NA;-2.013;0.496;0.447;NA;NA;NA;NA;NA;NA;NA;NA;NA;NA
sh4s_r7;sh4;sh4sp;sh4;no;NA;NA;yes;r7;0.09;0.91;4.9160514;0.442444626;4.473606774;1.602139755;0.144192578;1.457947177;10930;2258949526;1;9.353906527;18253.03;0.65;0.35;0.25;0.09;0;3.89575747768493;4.81355135412771;NA;NA;NA;NA;NA;NA;NA;NA;NA;NA;NA;NA;NA;NA;NA;NA;NA;NA;NA;NA;NA;NA;NA;NA;NA;NA;0.624165275;459504863.2;0.609113406988232;NA;NA;NA;NA;NA;NA;NA;NA;NA;NA;NA;NA;-2.013;0.496;0.447;NA;NA;NA;NA;NA;NA;NA;NA;NA;NA
sh4s_r8;sh4;sh4sp;sh4;no;NA;NA;yes;r8;0.07;0.93;2.500991232;0.175069386;2.325921846;1.433955248;0.100376867;1.333578381;26573.5;5963058909;3.04;9.7754691;18253.03;0.39;0.61;0.38;0.21;0.02;4.14851427255897;5.25331696386938;NA;NA;NA;NA;NA;NA;NA;NA;NA;NA;NA;NA;NA;NA;NA;NA;NA;NA;NA;NA;NA;NA;NA;NA;NA;NA;2.120010373;2384278214;1.90143631272194;NA;NA;NA;NA;NA;NA;NA;NA;NA;NA;NA;NA;-2.013;0.496;0.447;NA;NA;NA;NA;NA;NA;NA;NA;NA;NA
sh4mut_r1;sh4;sh4;sh4mut;yes;low;undermatch;yes;r1;0.64;0.36;6.244127516;3.99624161;2.247885906;1.060687741;0.678840154;0.381847587;9039;1735807623;1.06;9.239501591;18253.03;0.66;0.34;0.27;0.08;0;3.75940553515235;4.60378230702735;30565969476;196510048.8;247160133.9;1,34E+12;0.022893019;0.00014718;0.000185116;0.033723726;0.000138759;1340000000000;619000000000;30565969476;0.001769968;0.852745529;196510048.8;0.00000397;1.167993452;0.00223795871107107;0.578003128054667;0.00143344845444357;0.945419506384501;247160133.9;0.000185116;0.507067099;0.021431427;9.561399339;0.999351608;277990418.8;1.14502947939424;0.000283461;0.000442908;0.700688494298407;1.3;0.000000636;3.53333333333333;1.1;445.8357683;155.5440532;45026755262;185266635.2;0.0024;-1.997;0.501;0.454;37.681;-2.319;-1151.5;0.101449;0.082125604;1.877214337;-2.001169186;-0.113433207;0.33402793;-0.005740883
sh4mut_r2;sh4;sh4;sh4mut;yes;low;undermatch;yes;r2;0.72;0.28;3.897367565;2.806104647;1.091262918;1.128964405;0.812854372;0.316110033;8255;1164115166;0.841;9.065995947;18253.03;0.76;0.24;0.19;0.05;0;3.83700619713709;4.42470765725358;26876994561;207869870.6;163909947.4;2,58E+12;0.010437143;0.0000807221;0.0000636511;0.012840114;0.000071501;2580000000000;1160000000000;26876994561;0.000786058;0.566612412;207869870.6;0.00000347;1.672794401;0.00439503095520362;0.746981026979666;0.00316832125156489;1.28593480630604;163909947.4;0.0000637;0.295275671;0.054525059;12.34948021;0.744930483;298692680.8;1.13563049353398;0.000201689;0.000280124;0.537939643004599;0.69;0.00000089;1.87368421052632;1.5;226.529683;129.2972112;33064956635;184124379.5;0.0024;-1.997;0.501;0.454;37.681;-2.319;-1151.5;0.101449;0.082125604;1.877214337;-2.001169186;-0.113433207;0.33402793;-0.005740883
sh4mut_r3;sh4;sh4;sh4mut;yes;low;undermatch;yes;r3;0.69;0.31;0.635075491;0.438202089;0.196873402;0.962594443;0.664190166;0.298404277;6479;632808672;0.955;8.801272422;18253.03;0.86;0.14;0.12;0.02;0;3.76471590138654;4.32865394431036;10356006234;20917993.26;117229929.2;2,34E+12;0.004421211;0.00000893;0.0000500481;0.006656544;0.00000928;2340000000000;1090000000000;10356006234;0.000304686;0.537313907;20917993.26;0.0000000568;0.10492929;0.00018638668411526;0.163379371693057;0.000128614243415686;1.16290173148534;117229929.2;0.00005;0.544626223;0.001134267;6.087863475;0.992110444;996430630.2;1.29363577770278;0.000479763;0.000695309;0.696969879222186;0.81;0.0000000894;0.109024390243902;0.11;5364.190141;495.0764686;15591929487;21730847.72;0.0024;-1.997;0.501;0.454;37.681;-2.319;-1151.5;0.101449;0.082125604;1.877214337;-2.001169186;-0.113433207;0.33402793;-0.005740883
sh4mut_r4;sh4;sh4;sh4mut;yes;low;undermatch;yes;r4;1;0;0.157126672;0.157126672;0;0.891928519;0.891928519;0;5492;306690072;1;8.486699717;18253.03;0.95;0.05;0.04;0.01;0;3.72497083078895;4.18440762997336;NA;NA;NA;NA;NA;NA;NA;NA;NA;NA;NA;NA;NA;NA;NA;NA;NA;NA;NA;NA;NA;NA;NA;NA;NA;NA;1.121166079;1951865132;1.09736631781074;NA;NA;NA;NA;NA;NA;NA;NA;NA;NA;NA;NA;-1.997;0.501;0.454;37.681;-2.319;-1151.5;0.101449;0.082125604;1.877214337;-2.001169186;-0.113433207;0.33402793;-0.005740883
sh5s_r1;sh5;sh5;sh5;yes;low;match;no;r1;1;0;6.577320629;6.577320629;0;1.117287138;1.117287138;0;8577.5;1059416255;0.65;9.025066632;18253.03;0.71;0.29;0.25;0.05;0;3.78721613435057;4.49111676180255;23220024143;64591005.39;138679950.9;7,58E+11;0.030620552;0.000085177;0.000182879;0.027406162;0.0000762356;758000000000;383000000000;23220024143;0.00256015;1.233444032;64591005.39;0.00000691;2.034704476;0.00269179528332022;0.622586296497638;0.00269179528332022;1.07757639556019;138679950.9;0.000182879;0.500939541;0.037791327;13.99914698;0.581766296;161071097.9;0.66344428764858;0.000389239;0.000389239;0.615783162264438;1.1;0.00000105;5.83333333333333;1.8;370.4992764;359.4931524;20782503757;57810569.18;0.0034;1.084;0.678;0.61;90.58;0.424;-1337.3;0.176329;0.009661836;-2.717042838;-1.891327667;-0.403970546;-0.095105638;-0.049778574
sh5s_r2;sh5;sh5;sh5;yes;low;match;no;r2;1;0;3.500351979;3.500351979;0;1.01395948;1.01395948;0;6723.5;684890722;0.495;8.835621283;18253.03;0.8;0.2;0.17;0.02;0;3.7433401665392;4.24466991371064;44300966110;81310989.83;305669827.5;3,12E+12;0.014179557;0.0000260255;0.0000978368;0.013984343;0.0000256672;3120000000000;1420000000000;44300966110;0.001039118;0.74902508;81310989.83;0.00000154;0.741237372;0.00147983295184393;0.497387135403717;0.00147983295184393;1.19421816268881;305669827.5;0.0000978;0.453862176;0.015718625;10.620932;0.488185189;195663386.5;0.743912798875401;0.000296861;0.000296861;0.570080751245835;0.74;0.00000044;0.926315789473684;0.73;674.7519481;544.8336836;43691061609;80191557.39;0.0034;1.084;0.678;0.61;90.58;0.424;-1337.3;0.176329;0.009661836;-2.717042838;-1.891327667;-0.403970546;-0.095105638;-0.049778574
sh5s_r3;sh5;sh5;sh5;yes;low;match;no;r3;1;0;0.650670928;0.650670928;0;0.986232704;0.986232704;0;6354;525728933;0.793;8.720761879;18253.03;0.86;0.14;0.13;0.02;0;3.75181585716707;4.29409497323194;20352026882;12060007.07;143170092.1;2,48E+12;0.008216925;0.00000487;0.0000578035;0.008331629;0.00000494;2480000000000;1150000000000;20352026882;0.000635406;1.120538785;12060007.07;0.000000541;1;0.000850699822469483;0.471578264483382;0.000850699822469482;0.923768838512026;143170092.1;0.0000578;0.62902092;0.009359485;10.99251775;0.804069868;807979749.2;1.04897569338534;0.00097654;0.00097654;0.97887265353337;1.1;0.000000831;1.01341463414634;1;1174.502773;1687.563429;20636130600;12228358.5;0.0034;1.084;0.678;0.61;90.58;0.424;-1337.3;0.176329;0.009661836;-2.717042838;-1.891327667;-0.403970546;-0.095105638;-0.049778574
sh5s_r4;sh5;sh5;sh5;yes;low;match;no;r4;1;0;0.225312616;0.225312616;0;1.278985581;1.278985581;0;5881;291050904;0.953;8.463968953;18253.03;0.95;0.05;0.05;0;0;3.75345653431143;4.19016873608622;NA;NA;NA;NA;NA;NA;NA;NA;NA;NA;NA;NA;NA;NA;NA;NA;NA;NA;NA;NA;NA;NA;NA;NA;NA;NA;0.74512177;1291764792;0.726248525082316;NA;NA;NA;NA;NA;NA;NA;NA;NA;NA;NA;NA;1.084;0.678;0.61;90.58;0.424;-1337.3;0.176329;0.009661836;-2.717042838;-1.891327667;-0.403970546;-0.095105638;-0.049778574
sh5s_r5;sh5;sh5;sh5;yes;low;match;no;r5;1;0;0.220420962;0.220420962;0;1;1;0;8838;528917932;1.09;8.723388291;18253.03;0.86;0.14;0.13;0.01;0;3.92541493056423;4.50858321505056;NA;NA;NA;NA;NA;NA;NA;NA;NA;NA;NA;NA;NA;NA;NA;NA;NA;NA;NA;NA;NA;NA;NA;NA;NA;NA;1.09;2399580911;0.918301108402044;NA;NA;NA;NA;NA;NA;NA;NA;NA;NA;NA;NA;1.084;0.678;0.61;90.58;0.424;-1337.3;0.176329;0.009661836;-2.717042838;-1.891327667;-0.403970546;-0.095105638;-0.049778574
sh5s_r6;sh5;sh5;sh5;yes;low;match;no;r6;NA;NA;NA;NA;NA;NA;NA;NA;8890.5;1489672358;0.818;9.173090759;18253.03;0.72;0.28;0.21;0.07;0;3.84618179524935;4.87721057859898;NA;NA;NA;NA;NA;NA;NA;NA;NA;NA;NA;NA;NA;NA;NA;NA;NA;NA;NA;NA;NA;NA;NA;NA;NA;NA;NA;NA;NA;NA;NA;NA;NA;NA;NA;NA;NA;NA;NA;NA;NA;1.084;0.678;0.61;90.58;0.424;-1337.3;0.176329;0.009661836;-2.717042838;-1.891327667;-0.403970546;-0.095105638;-0.049778574
sh5s_r7;sh5;sh5;sh5;yes;low;match;no;r7;1;0;3.232163099;3.232163099;0;1.053361036;1.053361036;0;11511;1528256903;0.679;9.184196366;18253.03;0.64;0.36;0.29;0.07;0;3.90087974938197;4.78025843744062;NA;NA;NA;NA;NA;NA;NA;NA;NA;NA;NA;NA;NA;NA;NA;NA;NA;NA;NA;NA;NA;NA;NA;NA;NA;NA;0.6446033;472827903.9;0.626774248825042;NA;NA;NA;NA;NA;NA;NA;NA;NA;NA;NA;NA;1.084;0.678;0.61;90.58;0.424;-1337.3;0.176329;0.009661836;-2.717042838;-1.891327667;-0.403970546;-0.095105638;-0.049778574
sh5s_r8;sh5;sh5;sh5;yes;low;match;no;r8;1;0;1.303598864;1.303598864;0;0.747424624;0.747424624;0;15905;1463651649;0.746;9.165437726;18253.03;0.55;0.45;0.39;0.06;0;4.03919834287218;4.77346470411119;NA;NA;NA;NA;NA;NA;NA;NA;NA;NA;NA;NA;NA;NA;NA;NA;NA;NA;NA;NA;NA;NA;NA;NA;NA;NA;0.998093956;1122777635;0.895403126097203;NA;NA;NA;NA;NA;NA;NA;NA;NA;NA;NA;NA;1.084;0.678;0.61;90.58;0.424;-1337.3;0.176329;0.009661836;-2.717042838;-1.891327667;-0.403970546;-0.095105638;-0.049778574
sh6s_r1;sh6;sh6sp;sh6;no;NA;NA;yes;r1;0;1;1.534214286;0;1.534214286;0.26061644;0.010424657;0.26061644;9429;2153131302;1.32;9.333070515;18253.03;0.68;0.32;0.24;0.07;0.01;3.83284933426592;4.68412372658903;2218600548;198480054.1;297359825.6;1,70E+12;0.001301284;0.000116415;0.000174412;0.124827538;0.000446692;1700000000000;793000000000;2218600548;0.0000942;0.04540557;198480054.1;0.0000034;1;0.0348360655737705;0.956566550530241;#DIV/0!;0.153871630969849;297359825.6;0.000174412;0.477746855;0.019475036;0.540354448;5.064914554;1403409760;5.78057889119451;0.0000613995;0.00362307692307692;5.73177344721268;4.355593464;0.00000222;12.3333333333333;3.8;27.70588235;11.17795215;2,13E+11;761579177.8;0.088;-1.009;0.631;0.585;NA;NA;NA;NA;NA;NA;NA;NA;NA;NA
sh6s_r2;sh6;sh6sp;sh6;no;NA;NA;yes;r2;0;1;2.207632455;0;2.207632455;0.639492791;0.025579711;0.639492791;13100;2965052936;2.14;9.472032451;18253.03;0.61;0.39;0.28;0.1;0.01;3.9781993701768;4.77807626464684;4521701940;806990503.7;505969925.8;3,58E+12;0.001264023;0.000225591;0.000141442;0.049415072;0.000352765;3580000000000;1620000000000;4521701940;0.000117574;0.084750601;806990503.7;0.00000888;4.278235135;0.0702231641545542;0.98057509097481;#DIV/0!;0.491613483204195;505969925.8;0.000141442;0.656145478;0.062754627;0.831252386;3.346402071;1343091750;5.10643897543376;0.000053258;0.00452207692307692;8.68402723664997;3.313196143;0.00000402;8.46315789473684;6.7;13.24031532;5.603166232;1,77E+11;1261922754;0.088;-1.009;0.631;0.585;NA;NA;NA;NA;NA;NA;NA;NA;NA;NA
sh6s_r3;sh6;sh6sp;sh6;no;NA;NA;yes;r3;0;1;0.659753955;0;0.659753955;1;0.04;1;7739.5;1264012584;1.91;9.101751398;18253.03;0.78;0.22;0.18;0.04;0;3.81712907551612;4.48488902280099;1566300603;119789961.9;93213972.59;3,55E+12;0.000441786;0.0000337876;0.0000262917;0.011044658;0.0000337876;3550000000000;1610000000000;1566300603;0.000034174;0.060265865;119789961.9;0.000000697;1.288365671;0.0199879556078116;0.955313320657808;#DIV/0!;0.818731879739824;93213972.59;0.0000263;0.28610775;0.026511028;1.299801839;1.91;1915884814;2.4873353610681;0.0000517981;0.00131438461538462;1.31752427573369;1.506646642;0.00000106;1.29268292682927;1.3;49.03012912;13.07539111;39157515510;119789961.9;0.088;-1.009;0.631;0.585;NA;NA;NA;NA;NA;NA;NA;NA;NA;NA
sh6s_r4;sh6;sh6sp;sh6;no;NA;NA;yes;r4;0;1;0.180491149;0;0.180491149;1.024556823;0;1.024556823;5451;415520638;1.36;8.618592599;18253.03;0.94;0.06;0.05;0.01;0;3.72085084560486;4.2342554183539;NA;NA;NA;NA;NA;NA;NA;NA;NA;NA;NA;NA;NA;NA;NA;NA;NA;NA;NA;NA;NA;NA;NA;NA;NA;NA;1.327403195;2302166280;1.29431060182065;NA;NA;NA;NA;NA;NA;NA;NA;NA;NA;NA;NA;-1.009;0.631;0.585;NA;NA;NA;NA;NA;NA;NA;NA;NA;NA
sh6s_r5;sh6;sh6sp;sh6;no;NA;NA;yes;r5;0;1;0.249711355;0;0.249711355;1.132883885;0;1.132883885;12070;1266547113;2.61;9.102621349;18253.03;0.71;0.29;0.26;0.03;0;4.03501296353674;4.71933143034804;NA;NA;NA;NA;NA;NA;NA;NA;NA;NA;NA;NA;NA;NA;NA;NA;NA;NA;NA;NA;NA;NA;NA;NA;NA;NA;2.303854821;5072044524;1.94103232231193;NA;NA;NA;NA;NA;NA;NA;NA;NA;NA;NA;NA;-1.009;0.631;0.585;NA;NA;NA;NA;NA;NA;NA;NA;NA;NA
sh6s_r6;sh6;sh6sp;sh6;no;NA;NA;yes;r6;0.04;0.96;0.66857748;0.026743099;0.641834381;1.079228237;0.043169129;1.036059108;10382;3730838830;2.05;9.571806488;18253.03;0.64;0.36;0.25;0.09;0.01;3.85916365696905;4.86880914584838;NA;NA;NA;NA;NA;NA;NA;NA;NA;NA;NA;NA;NA;NA;NA;NA;NA;NA;NA;NA;NA;NA;NA;NA;NA;NA;1.899505526;5580263978;3.1927130257701;NA;NA;NA;NA;NA;NA;NA;NA;NA;NA;NA;NA;-1.009;0.631;0.585;NA;NA;NA;NA;NA;NA;NA;NA;NA;NA
sh6s_r7;sh6;sh6sp;sh6;no;NA;NA;yes;r7;0;1;1.696427764;0;1.696427764;0.552865327;0;0.552865327;19374;5232689281;2.32;9.718724947;18253.03;0.48;0.52;0.38;0.12;0.02;4.13695270153014;5.07560442003693;NA;NA;NA;NA;NA;NA;NA;NA;NA;NA;NA;NA;NA;NA;NA;NA;NA;NA;NA;NA;NA;NA;NA;NA;NA;NA;4.196320309;3084534096;4.08881651241233;NA;NA;NA;NA;NA;NA;NA;NA;NA;NA;NA;NA;-1.009;0.631;0.585;NA;NA;NA;NA;NA;NA;NA;NA;NA;NA
sh6s_r8;sh6;sh6sp;sh6;no;NA;NA;yes;r8;0;1;2.031436122;0;2.031436122;1.164733586;0;1.164733586;24573;4120851086;2.1;9.614986921;18253.03;0.38;0.62;0.46;0.14;0.01;4.21385726943349;5.05998174331519;NA;NA;NA;NA;NA;NA;NA;NA;NA;NA;NA;NA;NA;NA;NA;NA;NA;NA;NA;NA;NA;NA;NA;NA;NA;NA;1.802987417;2028540815;1.61773955104367;NA;NA;NA;NA;NA;NA;NA;NA;NA;NA;NA;NA;-1.009;0.631;0.585;NA;NA;NA;NA;NA;NA;NA;NA;NA;NA
sh6mut_r1;sh6;sh6;sh6mut;yes;low;undermatch;yes;r1;0.94;0.06;6.441961328;6.055443648;0.38651768;1.094293701;1.028636079;0.065657622;8829;1497804892;0.918;9.175455245;18253.03;0.7;0.3;0.23;0.07;0;3.81019157617784;4.62868690464941;31572985803;280479884.7;1083000169;2,45E+12;0.01288194;0.000114437;0.00044187;0.012523322;0.000104576;2450000000000;1150000000000;31572985803;0.001022583;0.492666015;280479884.7;0.00000314;0.923183815;0.00306125532916782;0.652035120843289;0.00287810864679209;1.52540463538752;1083000169;0.00044187;1.210363983;0.007096567;2.314216851;0.838897272;232507588.3;0.957687836636909;0.000158738;0.00016887;0.267155404806804;0.48;0.000000487;2.70555555555556;0.84;325.6633758;112.5677367;30694029159;256311339.9;0.0032;-0.974;0.639;0.598;15.217;-1.145;-968.3;0.004831;0.101449275;4.12691665;0.3886567;0.015501638;0.487433878;0.031935862
sh6mut_r2;sh6;sh6;sh6mut;yes;low;undermatch;yes;r2;0.86;0.14;5.825976976;5.010340199;0.815636777;1.687631592;1.451363169;0.236268423;9416;1386386080;1;9.141884189;18253.03;0.7;0.3;0.24;0.06;0;3.84939273973369;4.50145128923931;29895980629;220340057.1;891539690.3;3,02E+12;0.009883956;0.000072847;0.000294753;0.006810119;0.0000431652;3020000000000;1380000000000;29895980629;0.000809238;0.583321199;220340057.1;0.00000342;1.649774427;0.00420841239488198;0.738783600572956;0.00362136828890648;2.419320890906;891539690.3;0.000294753;1.367350915;0.011612503;2.745478418;0.592546386;237966282;0.904748538023453;0.000138902;0.000161514;0.310165439234928;0.4;0.000000587;1.23578947368421;0.98;236.6192982;135.6810969;20598552635;130561704.4;0.0032;-0.974;0.639;0.598;15.217;-1.145;-968.3;0.004831;0.101449275;4.12691665;0.3886567;0.015501638;0.487433878;0.031935862
sh6mut_r3;sh6;sh6;sh6mut;yes;low;undermatch;yes;r3;0.84;0.16;0.648419777;0.544672613;0.103747164;0.982820599;0.825569303;0.157251296;6176;572764680;0.864;8.757976229;18253.03;0.88;0.12;0.1;0.02;0;3.75806295729689;4.30110036107505;6701594029;35813018.59;359669893.1;3,07E+12;0.002182645;0.000011664;0.000117141;0.002643806;0.0000118678;3070000000000;1430000000000;6701594029;0.000184751;0.325808477;35813018.59;0.000000724;1.337771321;0.00390349103652783;0.80415217990042;0.00328098163778972;1.3216704816017;359669893.1;0.000117141;1.274734913;0.006178443;1.577167687;0.879102454;883323889.9;1.14679271455643;0.000284925;0.000339196;0.340006234857666;0.39;0.00000112;1.36585365853659;1.4;255.1809392;187.1273155;8117542652;36439019.11;0.0032;-0.974;0.639;0.598;15.217;-1.145;-968.3;0.004831;0.101449275;4.12691665;0.3886567;0.015501638;0.487433878;0.031935862
sh6mut_r4;sh6;sh6;sh6mut;yes;low;undermatch;yes;r4;1;0;0.195467411;0.195467411;0;1.109569472;1.109569472;0;5126;243147488;0.796;8.385869787;18253.03;0.97;0.03;0.02;0;0;3.70179538975771;4.04269135185165;NA;NA;NA;NA;NA;NA;NA;NA;NA;NA;NA;NA;NA;NA;NA;NA;NA;NA;NA;NA;NA;NA;NA;NA;NA;NA;0.717395368;1243928525;0.699354295908903;NA;NA;NA;NA;NA;NA;NA;NA;NA;NA;NA;NA;-0.974;0.639;0.598;15.217;-1.145;-968.3;0.004831;0.101449275;4.12691665;0.3886567;0.015501638;0.487433878;0.031935862
sh7s_r1;sh7;sh7sp;sh7;no;NA;NA;yes;r1;0.15;0.85;5.725890179;0.858883527;4.867006652;0.972654947;0.145898242;0.826756705;9955;1823355577;1.12;9.26087137;18253.03;0.64;0.36;0.28;0.08;0;3.78899001610724;4.63074488008079;44695949642;205870074.1;729129988.9;2,00E+12;0.02237904;0.000103078;0.000365072;0.153388006;0.000105976;2000000000000;912000000000;44695949642;0.001471443;0.708920409;205870074.1;0.00000237;0.697693041;0.00160807375155464;0.496009078400324;0.000241541216451893;0.299543404299924;729129988.9;0.000365072;1;0.006491432;4.030555616;1.151487486;318440542.9;1.31164164084783;0.000256981;0.001713204;2.71031982078898;4.7;0.000000414;2.3;0.72;620.8620253;217.1075609;3,06E+11;211657869.8;0.0027;0.705;0.781;0.742;NA;NA;NA;NA;NA;NA;NA;NA;NA;NA
sh7s_r2;sh7;sh7sp;sh7;no;NA;NA;yes;r2;0.19;0.81;4.384766447;0.833105625;3.551660822;1.270150983;0.241328687;1.028822296;12623.5;1970466123;1.42;9.294568973;18253.03;0.59;0.41;0.31;0.1;0;3.87446445287084;4.59119457683788;48282962109;321740010.3;715470070.9;2,79E+12;0.017331018;0.000115488;0.000256816;0.071814994;0.0000909243;2790000000000;1300000000000;48282962109;0.001387294;1;321740010.3;0.00000437;2.106568597;0.00314012577748652;0.678101426453066;0.000598145281420203;0.581967824936304;715470070.9;0.000256816;1.191362234;0.017018176;5.401898636;1.117977326;449389071.7;1.70857863646536;0.000316389;0.001665208;3.19780310522627;4;0.000000997;2.09894736842105;1.7;317.4585812;150.0682556;2,00E+11;253308476.4;0.0027;0.705;0.781;0.742;NA;NA;NA;NA;NA;NA;NA;NA;NA;NA
sh7s_r3;sh7;sh7sp;sh7;no;NA;NA;yes;r3;0.26;0.74;0.815072332;0.211918806;0.603153526;1.235418637;0.321208846;0.914209791;6118.5;662562722;1;8.821226997;18253.03;0.86;0.14;0.12;0.02;0;3.73965713342987;4.31325461199633;15856984756;10665998.21;270080071.6;2,94E+12;0.005395319;0.00000363;0.0000918944;0.01679692;0.00000294;2940000000000;1340000000000;15856984756;0.000396118;0.698554282;10665998.21;0.000000403;0.745324956;0.00101633961379095;0.516196186207645;0.000264447187619608;0.71299419520536;270080071.6;0.0000919;1;0.004387961;4.310578229;0.809442217;812888250.1;1.05534825178196;0.000485991;0.001869197;1.87366193639443;2.2;0.000000494;0.602439024390244;0.6;982.9230769;1486.685488;49366587980;8633509.234;0.0027;0.705;0.781;0.742;NA;NA;NA;NA;NA;NA;NA;NA;NA;NA
sh7s_r4;sh7;sh7sp;sh7;no;NA;NA;yes;r4;0.3;0.7;0.455334917;0.136600475;0.318734442;2.584705661;0.775411698;1.809293963;5430;366209166;1.2;8.56372921;18253.03;0.92;0.08;0.07;0.01;0;3.71075094088895;4.16302141611972;NA;NA;NA;NA;NA;NA;NA;NA;NA;NA;NA;NA;NA;NA;NA;NA;NA;NA;NA;NA;NA;NA;NA;NA;NA;NA;0.464269498;804263307.1;0.452168261727326;NA;NA;NA;NA;NA;NA;NA;NA;NA;NA;NA;NA;0.705;0.781;0.742;NA;NA;NA;NA;NA;NA;NA;NA;NA;NA
sh7s_r5;sh7;sh7sp;sh7;no;NA;NA;yes;r5;0.37;0.63;0.145423601;0.053806732;0.091616869;0.659753955;0.244108963;0.415644992;7818;396976697;0.819;8.598765014;18253.03;0.91;0.09;0.08;0.01;0;3.88437978141911;4.36376170527199;NA;NA;NA;NA;NA;NA;NA;NA;NA;NA;NA;NA;NA;NA;NA;NA;NA;NA;NA;NA;NA;NA;NA;NA;NA;NA;1.241371869;2729795532;1.04467169715143;NA;NA;NA;NA;NA;NA;NA;NA;NA;NA;NA;NA;0.705;0.781;0.742;NA;NA;NA;NA;NA;NA;NA;NA;NA;NA
sh7s_r6;sh7;sh7sp;sh7;no;NA;NA;yes;r6;0.31;0.69;0.340132004;0.105440921;0.234691083;0.549046407;0.170204386;0.378842021;10192;2066407425;1.13;9.315215954;18253.03;0.68;0.32;0.23;0.09;0;3.88414949286859;4.85147009648968;NA;NA;NA;NA;NA;NA;NA;NA;NA;NA;NA;NA;NA;NA;NA;NA;NA;NA;NA;NA;NA;NA;NA;NA;NA;NA;2.058113824;6075310168;3.47595059757712;NA;NA;NA;NA;NA;NA;NA;NA;NA;NA;NA;NA;0.705;0.781;0.742;NA;NA;NA;NA;NA;NA;NA;NA;NA;NA
sh7s_r7;sh7;sh7sp;sh7;no;NA;NA;yes;r7;0.22;0.78;3.068428571;0.675054286;2.393374286;1;0.22;0.78;14852;2722643906;1.21;9.434990844;18253.03;0.56;0.44;0.32;0.12;0;3.95312117863543;4.90882778098651;NA;NA;NA;NA;NA;NA;NA;NA;NA;NA;NA;NA;NA;NA;NA;NA;NA;NA;NA;NA;NA;NA;NA;NA;NA;NA;1.21;887308875.7;1.17620459675806;NA;NA;NA;NA;NA;NA;NA;NA;NA;NA;NA;NA;0.705;0.781;0.742;NA;NA;NA;NA;NA;NA;NA;NA;NA;NA
sh7s_r8;sh7;sh7sp;sh7;no;NA;NA;yes;r8;0.22;0.78;2.527130209;0.555968646;1.971161563;1.448942155;0.318767274;1.130174881;16950;1962279459;1;9.292760858;18253.03;0.52;0.48;0.39;0.09;0;4.03801390787513;4.808526956324;NA;NA;NA;NA;NA;NA;NA;NA;NA;NA;NA;NA;NA;NA;NA;NA;NA;NA;NA;NA;NA;NA;NA;NA;NA;NA;0.690158676;776485300.4;0.619238702013053;NA;NA;NA;NA;NA;NA;NA;NA;NA;NA;NA;NA;0.705;0.781;0.742;NA;NA;NA;NA;NA;NA;NA;NA;NA;NA
sh7mut_r1;sh7;sh7;sh7mut;yes;low;match;yes;r1;1;0;6.17954236;6.17954236;0;1.049716684;1.049716684;0;10409;1540303699;0.944;9.187606358;18253.03;0.64;0.36;0.28;0.08;0;3.80937834820072;4.61717219037093;75236936013;254319976.9;1319700633;2,35E+12;0.031984852;0.000108117;0.000561033;0.030469986;0.000102996;2350000000000;1080000000000;75236936013;0.002225002;1.071974469;254319976.9;0.00000258;0.760098096;0.00115820652169034;0.414884273975251;0.00115820652169034;1.03696371301526;1319700633;0.000561033;1.536773568;0.004601886;3.965902184;0.89929027;249258538.8;1.02668421504869;0.000360059;0.000360059;0.569619872679179;1;0.000000418;2.32222222222222;0.72;862.403876;295.83573;71673564077;242274873.6;0.0008;0.619;0.764;0.742;55.797;0.78;-1240.6;0.062802;0.038647343;-0.014198684;0.029854451;0.74587722;-0.045710149;0.081541873
sh7mut_r2;sh7;sh7;sh7mut;yes;low;match;yes;r2;1;0;6.287558858;6.287558858;0;1.821339667;1.821339667;0;10673;1383766118;1;9.141062693;18253.03;0.65;0.35;0.28;0.07;0;3.86645875142912;4.52598496877286;79838936027;114230004.6;855660032.4;2,53E+12;0.031611985;0.000045229;0.000338796;0.017356447;0.0000248328;2530000000000;1170000000000;79838936027;0.002429491;1.751244509;114230004.6;0.00000159;0.767819272;0.000654030038489051;0.304803426491725;0.000654030038489051;1.87202003988018;855660032.4;0.000338796;1.571665159;0.004701974;7.170955383;0.549046407;220080026.2;0.836744938312787;0.000386397;0.000386397;0.742022333816625;0.96;0.000000253;0.532631578947368;0.42;1527.981761;698.9313912;43835280960;62717573.59;0.0008;0.619;0.764;0.742;55.797;0.78;-1240.6;0.062802;0.038647343;-0.014198684;0.029854451;0.74587722;-0.045710149;0.081541873
sh7mut_r3;sh7;sh7;sh7mut;yes;low;match;yes;r3;1;0;0.820741609;0.820741609;0;1.244011653;1.244011653;0;5735;484719797;0.732;8.685490758;18253.03;0.88;0.12;0.11;0.01;0;3.71701806210438;4.21198353855297;28410030022;32083018.55;457419867.1;3,68E+12;0.007727234;0.00000873;0.000124413;0.006211545;0.00000701;3680000000000;1670000000000;28410030022;0.000606292;1.069196232;32083018.55;0.000000611;1.129513078;0.00100675066691053;0.513716421203492;0.00100675066691053;1.34292078112304;457419867.1;0.000124413;1.353869224;0.004911697;4.873220644;0.588418925;590587575.7;0.766742003544111;0.000738712;0.000738712;0.740476555632071;0.86;0.000000744;0.907317073170732;0.91;992.294599;885.5161174;22837430786;25789966.25;0.0008;0.619;0.764;0.742;55.797;0.78;-1240.6;0.062802;0.038647343;-0.014198684;0.029854451;0.74587722;-0.045710149;0.081541873
sh7mut_r4;sh7;sh7;sh7mut;yes;low;match;yes;r4;1;0;0.172539669;0.172539669;0;0.979420298;0.979420298;0;5253;248092458;0.812;8.394613562;18253.03;0.96;0.04;0.03;0;0;3.7095987579732;4.05825825944731;NA;NA;NA;NA;NA;NA;NA;NA;NA;NA;NA;NA;NA;NA;NA;NA;NA;NA;NA;NA;NA;NA;NA;NA;NA;NA;0.829061846;1437886482;0.808400215933661;NA;NA;NA;NA;NA;NA;NA;NA;NA;NA;NA;NA;0.619;0.764;0.742;55.797;0.78;-1240.6;0.062802;0.038647343;-0.014198684;0.029854451;0.74587722;-0.045710149;0.081541873
sh8s_r1;sh8;sh8;sh8;yes;low;undermatch;no;r1;1;0;5.886866863;5.886866863;0;1;1;0;8340;1237438052;0.759;9.092523467;18253.03;0.7;0.3;0.25;0.05;0;3.76095547857287;4.49792723363684;24709999246;78752041.1;304510193.7;7,64E+11;0.032347601;0.000103093;0.000398631;0.032347601;0.000103093;764000000000;356000000000;24709999246;0.002351517;1.132927605;78752041.1;0.00000432;1.271983231;0.00183374316644148;0.528910765405192;0.00183374316644148;0.944726597339844;304510193.7;0.000398631;1.091924333;0.010838394;5.898981765;0.759;210203165.9;0.8658169682843;0.000399451;0.000399451;0.631938731601129;1.1;0.000000734;4.07777777777778;1.3;544.3326389;313.7696357;24709999246;78752041.1;0.0016;0.656;0.773;0.72;50;-0.158;-1149;0.067633;0.038647343;0.671083083;-0.166438016;0.019812884;-0.389129337;0.110323926
sh8s_r2;sh8;sh8;sh8;yes;low;undermatch;no;r2;1;0;5.360992066;5.360992066;0;1.55293775;1.55293775;0;9502.5;1339313491;0.968;9.126882244;18253.03;0.68;0.32;0.26;0.06;0;3.82573943628665;4.44696756123881;54659964525;190369946.5;740289501.5;2,29E+12;0.023876187;0.0000831561;0.000323368;0.015374851;0.0000535476;2290000000000;1060000000000;54659964525;0.001638049;1.18075116;190369946.5;0.00000243;1.169994023;0.00148127467648169;0.49771197297823;0.00148127467648169;1.79880982913244;740289501.5;0.000323368;1.500095099;0.007506649;5.065587813;0.623334709;249825680.5;0.949838007693415;0.00030555;0.00030555;0.58676678156836;0.76;0.000000453;0.953684210526316;0.75;674.0942387;287.1249666;35197782091;122586978.5;0.0016;0.656;0.773;0.72;50;-0.158;-1149;0.067633;0.038647343;0.671083083;-0.166438016;0.019812884;-0.389129337;0.110323926
sh8s_r3;sh8;sh8;sh8;yes;low;undermatch;no;r3;1;0;1.261377409;1.261377409;0;1.911890635;1.911890635;0;6519;772021334;1.17;8.887629302;18253.03;0.82;0.18;0.15;0.03;0;3.75006333737891;4.35322007451075;24769985843;66785982.33;552619721.2;3,02E+12;0.008203218;0.0000221179;0.000183014;0.004290631;0.0000115686;3020000000000;1370000000000;24769985843;0.000583366;1.02876622;66785982.33;0.00000138;2.552073803;0.00235999904231923;0.71270254649966;0.00235999904231923;2.38341052634767;552619721.2;0.000183014;1.991568583;0.007544232;3.187548494;0.61195969;612046266.7;0.79460117364479;0.000462483;0.000462483;0.46358772955954;0.54;0.00000109;1.32926829268293;1.3;422.7289855;370.886;12955754576;34931905.16;0.0016;0.656;0.773;0.72;50;-0.158;-1149;0.067633;0.038647343;0.671083083;-0.166438016;0.019812884;-0.389129337;0.110323926
sh8s_r4;sh8;sh8;sh8;yes;low;undermatch;no;r4;1;0;0.302498522;0.302498522;0;1.717130873;1.717130873;0;5960;340621739;1.12;8.532272362;18253.03;0.94;0.06;0.06;0.01;0;3.75664818698728;4.21043266091229;NA;NA;NA;NA;NA;NA;NA;NA;NA;NA;NA;NA;NA;NA;NA;NA;NA;NA;NA;NA;NA;NA;NA;NA;NA;NA;0.652250808;1126027778;0.633068820298222;NA;NA;NA;NA;NA;NA;NA;NA;NA;NA;NA;NA;0.656;0.773;0.72;50;-0.158;-1149;0.067633;0.038647343;0.671083083;-0.166438016;0.019812884;-0.389129337;0.110323926
sh8s_r5;sh8;sh8;sh8;yes;low;undermatch;no;r5;1;0;0.07632679;0.07632679;0;0.346277367;0.346277367;0;6922;308969936;0.638;8.489916223;18253.03;0.94;0.06;0.06;0;0;3.8348044959005;4.25180852219356;NA;NA;NA;NA;NA;NA;NA;NA;NA;NA;NA;NA;NA;NA;NA;NA;NA;NA;NA;NA;NA;NA;NA;NA;NA;NA;1.842453654;4047988066;1.54913381364453;NA;NA;NA;NA;NA;NA;NA;NA;NA;NA;NA;NA;0.656;0.773;0.72;50;-0.158;-1149;0.067633;0.038647343;0.671083083;-0.166438016;0.019812884;-0.389129337;0.110323926
sh8s_r6;sh8;sh8;sh8;yes;low;undermatch;no;r6;1;0;0.574017516;0.574017516;0;0.926588062;0.926588062;0;10089;2101384291;1.15;9.322505481;18253.03;0.69;0.31;0.23;0.08;0;3.89691310744647;4.85764965812896;NA;NA;NA;NA;NA;NA;NA;NA;NA;NA;NA;NA;NA;NA;NA;NA;NA;NA;NA;NA;NA;NA;NA;NA;NA;NA;1.241112472;3660836528;2.09452465228171;NA;NA;NA;NA;NA;NA;NA;NA;NA;NA;NA;NA;0.656;0.773;0.72;50;-0.158;-1149;0.067633;0.038647343;0.671083083;-0.166438016;0.019812884;-0.389129337;0.110323926
sh8s_r7;sh8;sh8;sh8;yes;low;undermatch;no;r7;1;0;3.369419364;3.369419364;0;1.098092814;1.098092814;0;11165;1902055035;0.845;9.279223079;18253.03;0.64;0.36;0.27;0.08;0;3.89467806157544;4.81692026283446;NA;NA;NA;NA;NA;NA;NA;NA;NA;NA;NA;NA;NA;NA;NA;NA;NA;NA;NA;NA;NA;NA;NA;NA;NA;NA;0.769516009;564505284;0.748300538987853;NA;NA;NA;NA;NA;NA;NA;NA;NA;NA;NA;NA;0.656;0.773;0.72;50;-0.158;-1149;0.067633;0.038647343;0.671083083;-0.166438016;0.019812884;-0.389129337;0.110323926
sh8s_r8;sh8;sh8;sh8;yes;low;undermatch;no;r8;1;0;2.943433431;2.943433431;0;1.687631592;1.687631592;0;19370;2500550840;1.27;9.398035689;18253.03;0.48;0.52;0.4;0.12;0;4.01352068695327;4.88936109277194;NA;NA;NA;NA;NA;NA;NA;NA;NA;NA;NA;NA;NA;NA;NA;NA;NA;NA;NA;NA;NA;NA;NA;NA;NA;NA;0.75253391;849535380.5;0.677495357689305;NA;NA;NA;NA;NA;NA;NA;NA;NA;NA;NA;NA;0.656;0.773;0.72;50;-0.158;-1149;0.067633;0.038647343;0.671083083;-0.166438016;0.019812884;-0.389129337;0.110323926
sh9s_r1;sh9;sh9;sh9;yes;high;overmatch;no;r1;1;0;6.952346563;6.952346563;0;1.180992661;1.180992661;0;7942;1024221920;0.628;9.010394066;18253.03;0.73;0.27;0.22;0.04;0;3.7688635638862;4.41683320101396;40970980323;61529011.91;206129893.2;9,70E+11;0.042227704;0.0000634163;0.000212453;0.03575611;0.0000536975;970000000000;453000000000;40970980323;0.003177154;1.530707825;61529011.91;0.00000156;0.458824499;0.000490764504135949;0.230619273416741;0.000490764504135949;0.973400636913634;206129893.2;0.000212453;0.581948218;0.007335646;14.95462055;0.531756056;147320319.9;0.60680547886311;0.00045699;0.00045699;0.722966473871388;1.3;0.000000224;1.24444444444444;0.39;2036.637179;665.8806805;34691985544;52099402.43;0.00035;2.057;0.839;0.783;61.594;1.607;-1330.5;0.074879;0.024154589;-1.090533903;0.034828581;1.194573695;-0.115508528;-0.112531543
sh9s_r2;sh9;sh9;sh9;yes;high;overmatch;no;r2;1;0;6.265805557;6.265805557;0;1.815038311;1.815038311;0;9270;1293782348;0.935;9.111861221;18253.03;0.69;0.31;0.25;0.06;0;3.82496174075849;4.42624306552772;72612086682;163339933.8;593510038;2,85E+12;0.02547835;0.0000573132;0.000208253;0.014037362;0.0000315769;2850000000000;1310000000000;72612086682;0.001826452;1.316557269;163339933.8;0.00000129;0.620006555;0.000705788891429972;0.320158079644061;0.000705788891429972;2.28223808893884;593510038;0.000208253;0.966079837;0.006176814;8.770351448;0.515140642;206483003.1;0.785049014555;0.000291495;0.000291495;0.559776085724985;0.72;0.000000206;0.433684210526316;0.34;1415.854264;444.5458315;40005814887;89992554.32;0.00035;2.057;0.839;0.783;61.594;1.607;-1330.5;0.074879;0.024154589;-1.090533903;0.034828581;1.194573695;-0.115508528;-0.112531543
sh9s_r3;sh9;sh9;sh9;yes;high;overmatch;no;r3;1;0;0.367292158;0.367292158;0;0.556710809;0.556710809;0;5632;366090337;0.553;8.563588266;18253.03;0.93;0.07;0.06;0.01;0;3.73094149743196;4.19361681836894;17193002342;32473010.59;137210035.3;3,45E+12;0.00497743;0.0000094;0.0000397228;0.008940782;0.0000168868;3450000000000;1580000000000;17193002342;0.000375196;0.661658325;32473010.59;0.000000579;1.06937382;0.0015408156476615;0.617766586882186;0.0015408156476615;0.522959028766652;137210035.3;0.0000397;0.432265731;0.014564507;9.445356319;0.993334405;996727887.3;1.29402169761339;0.001021519;0.001021519;1.02395909452225;1.2;0.00000158;1.92682926829268;1.9;648.0069085;529.4551392;30883183987;58330124.12;0.00035;2.057;0.839;0.783;61.594;1.607;-1330.5;0.074879;0.024154589;-1.090533903;0.034828581;1.194573695;-0.115508528;-0.112531543
sh9s_r4;sh9;sh9;sh9;yes;high;overmatch;no;r4;1;0;0.175555609;0.175555609;0;0.996540263;0.996540263;0;5419.5;254166703;0.832;8.405118655;18253.03;0.96;0.04;0.04;0;0;3.72198932133238;4.0493689663845;NA;NA;NA;NA;NA;NA;NA;NA;NA;NA;NA;NA;NA;NA;NA;NA;NA;NA;NA;NA;NA;NA;NA;NA;NA;NA;0.834888495;1447784572;0.81396506280683;NA;NA;NA;NA;NA;NA;NA;NA;NA;NA;NA;NA;2.057;0.839;0.783;61.594;1.607;-1330.5;0.074879;0.024154589;-1.090533903;0.034828581;1.194573695;-0.115508528;-0.112531543
sh9s_r5;sh9;sh9;sh9;yes;high;overmatch;no;r5;1;0;0.348283331;0.348283331;0;1.580082624;1.580082624;0;9033.5;484491683;1;8.685286326;18253.03;0.85;0.15;0.14;0.01;0;3.93295232944485;4.42060824587926;NA;NA;NA;NA;NA;NA;NA;NA;NA;NA;NA;NA;NA;NA;NA;NA;NA;NA;NA;NA;NA;NA;NA;NA;NA;NA;0.632878297;1391084899;0.532357462412338;NA;NA;NA;NA;NA;NA;NA;NA;NA;NA;NA;NA;2.057;0.839;0.783;61.594;1.607;-1330.5;0.074879;0.024154589;-1.090533903;0.034828581;1.194573695;-0.115508528;-0.112531543
sh9s_r6;sh9;sh9;sh9;yes;high;overmatch;no;r6;1;0;0.71905133;0.71905133;0;1.160703914;1.160703914;0;8466;1300175528;0.714;9.114001987;18253.03;0.76;0.24;0.19;0.05;0;3.84416447661022;4.70025064243302;NA;NA;NA;NA;NA;NA;NA;NA;NA;NA;NA;NA;NA;NA;NA;NA;NA;NA;NA;NA;NA;NA;NA;NA;NA;NA;0.615143958;1808181801;1.03453987334166;NA;NA;NA;NA;NA;NA;NA;NA;NA;NA;NA;NA;2.057;0.839;0.783;61.594;1.607;-1330.5;0.074879;0.024154589;-1.090533903;0.034828581;1.194573695;-0.115508528;-0.112531543
sh9s_r7;sh9;sh9;sh9;yes;high;overmatch;no;r7;1;0;3.648997089;3.648997089;0;1.189207115;1.189207115;0;13432;2256366418;1;9.353409627;18253.03;0.58;0.42;0.31;0.1;0;3.9332160639485;4.8734023892085;NA;NA;NA;NA;NA;NA;NA;NA;NA;NA;NA;NA;NA;NA;NA;NA;NA;NA;NA;NA;NA;NA;NA;NA;NA;NA;0.840896415;618352485.1;0.819679657568641;NA;NA;NA;NA;NA;NA;NA;NA;NA;NA;NA;NA;2.057;0.839;0.783;61.594;1.607;-1330.5;0.074879;0.024154589;-1.090533903;0.034828581;1.194573695;-0.115508528;-0.112531543
sh9s_r8;sh9;sh9;sh9;yes;high;overmatch;no;r8;1;0;1.673072542;1.673072542;0;0.959264119;0.959264119;0;15000.5;1367022961;0.697;9.135775809;18253.03;0.57;0.43;0.38;0.05;0;4.00464083679491;4.64403868116887;NA;NA;NA;NA;NA;NA;NA;NA;NA;NA;NA;NA;NA;NA;NA;NA;NA;NA;NA;NA;NA;NA;NA;NA;NA;NA;0.726598636;817073334.6;0.651607224124576;NA;NA;NA;NA;NA;NA;NA;NA;NA;NA;NA;NA;2.057;0.839;0.783;61.594;1.607;-1330.5;0.074879;0.024154589;-1.090533903;0.034828581;1.194573695;-0.115508528;-0.112531543
